RowID	QuestID	NameID	LongDescription	ShortDescription	ImagePath
1	SurpriseQuest_Bioharvest_Ruin	Intro	The ship's system detects a concentration of uncatalogued bio-signatures at this location. Sending a research team is advised.	Unknown Bio-Signatures	None
2		Quest Main	While following the animals they were researching, the team discovered an entrance to an abandoned alien facility. There are some inscriptions on the door that they think they can decipher if given enough time; however, the animals are moving away.	Unknown Bio-Signatures	None
3		Choice A	The alien facility might contain useful data or resources. The team is authorized to break the door.	Breach the ruin	None
4		Choice A Result	When the smoke clears, the team discovers a large number of containers that were shattered by the blast. Most of them were empty — except for one, which housed a curious artifact.		None
5		Choice B	The inscriptions can offer insight into the culture and thought processes of E.T.s that the Behemoth might meet.	Decipher the inscriptions	None
6		Choice B Result	After employing some lateral thinking, the team finally makes sense of the inscription. It's marking the location as a depleted stash and has the coordinates of another, stocked one. The team soon finds the other stash and recovers useful materials.		None
7		Choice C	Learning more about the biosphere should remain the crew's priority. The facility's owners won't be happy if they find it raided.	Focus on fauna research	None
8		Choice C Result	After following the animals for some time, the team saw an opportunity to hunt one of them to bring back to the Zephyrus for further research — and, possibly, as a meal.		None
9	SurpriseQuest_CaveSystem_Hive	Intro	We're detecting an extensive cave system at these coordinates. Our sensors are inadequate for scanning it at this distance. The entrance is marked for potential exploration.	Cave System	None
10		Quest Main	The crew has entered the cave system and is reporting a hive-like structure that doesn't match anything in our records. It appears dormant — for now.	Cave System	None
11		Choice A	There's no need to disturb the hive. It's better to focus on gathering useful minerals.	Collect minerals	None
12		Choice A Result	Working carefully, the crew has managed to extract a decent amount of processable ores. The hive remained dormant for the duration.		None
13		Choice B	We can't pass up an opportunity to study a new life-form. Samples of the hive and its inhabitants will be appreciated.	Collect bio-samples	None
14		Choice B Result	After dissecting the fleshy outer layers of the hive, the crew has found millions of insectoid organisms that seem to be hibernating. They're delivering samples of the hive and its inhabitants to the Behemoth as we speak.		None
15		Choice C	Whatever it is, exploring the cave while it's around is too risky. Bring it down.	Destroy the hive	None
16		Choice C Result	Several carefully-placed low-yield charges have effectively vaporized the hive along with its inhabitants. At the core of the hive, the team found an artifact that the creatures were clustered around. The artifact will be shortly delivered to the Behemoth.		None
17	SurpriseQuest_PrimordialRuins_Beacon	Intro	We've detected abnormalities in the island's surface. They're too regular to be natural, so we're expecting this to be an archaeological site. Sending a research team is advised.	Ancient Ruins	None
18		Quest Main	The research team has discovered a building that they think was used as a beacon. It's inactive and weather-worn, but in relatively good shape — there are multiple devices that can be useful aboard the Behemoth. The team also thinks they can repair and reactivate the beacon, and are asking for advice.	Ancient Ruins	None
19		Choice A	The beacon should be fixed. Whoever built it intended for it to be useful.	Fix the beacon	None
20		Choice A Result	The crew eventually manages to figure out why the beacon went out and how to fix it. The beacon starts emitting measured signals on exotic frequencies, though nothing else seems to change in the moment.		None
21		Choice B	The beacon should be adapted into a relay for the Behemoth's scanning systems.	Adapt the beacon	None
22		Choice B Result	Once connected to the beacon's infrastructure, the AI core has repurposed and rearranged the beacon's frequencies to meet the Behemoth's standards. The Behemoth's effective control range has increased.		None
23		Choice C	We need all the technology we can gather. Dismantle the beacon for parts.	Scavenge the technology	None
24		Choice C Result	The crew carefully dismantles the equipment left behind by the beacon's builders. Some of the recovered components appear to be compatible with the Behemoth's systems.		None
25	SurpriseQuest_ZephyrusLifepod_Biomass	Intro	We're picking up a Zephyrus lifepod's distress beacon. Initiating rescue protocols. Medical personnel alerted. Recovery crew on standby.	Crashed Lifepod	None
26		Quest Main	The recovery crew reports that the lifepod is surrounded by large flat rocks, which are painted with biohazard signs and angry faces. The crew expects that there are survivors nearby, though nobody is answering any of their broadband calls.	Crashed Lifepod	None
27		Choice A	Looking for survivors is the priority here. Scour the area.	Look for survivors	None
28		Choice A Result	The crew has found survivors, but they're in bad shape. Their bodies have undergone significant physical changes after apparently being infested by unknown parasites. To stop their bodies from any further transformation, your crew has put the rescued people into a cryocapsule. Now, it is up to the doctors to save these unlucky hosts of an unknown parasitic lifeform.		None
29		Choice B	The lifepod may have some clues about what happened to the survivors. It must be investigated.	Investigate the lifepod	None
30		Choice B Result	The lifepod is a mess. From what the crew can tell, the survivors used it as a home but have since abandoned it. The interior of the lifepod is covered in slime and dead larval-like organisms. The crew suspects that the survivors didn't make it and focuses on gathering samples of the biomass inside the lifepod.		None
31		Choice C	Whoever marked the lifepod may not want to be found, but they still can use some help.	Leave survival gear	None
32		Choice C Result	The crew has left a set of survival gear, medicine, and some other supplies near the lifepod. They report seeing a figure approach the cache as they were leaving, but they decided to let the survivor be.		None
33	SurpriseQuest_ZephyrusWreck_Predator	Intro	This is the crash site of a large piece of the Zephyrus's superstructure. Something useful can be salvaged from the wreck. Sending a recovery crew is recommended.	Zephyrus Wreckage	None
34		Quest Main	The team confirms finding a generally intact section of the Zephyrus. They're also seeing the tracks of a large predator that has made its lair in the wreckage. Scavenging while it's present is going to be a risky endeavor.	Zephyrus Wreckage	None
35		Choice A	The simplest solution is often the best. The creature must be dealt with.	Hunt the creature	None
36		Choice A Result	The crew opened fire at the first sight of the creature, scaring it with pain and loud noises, and chasing it away from the wreck. Sadly, the encounter happened in the data room, and the hard drives were irreparably damaged by all that shooting.      The crew has scavenged whatever parts and materials survived the volley of bullets.		None
37		Choice B	The crew can reactivate the Zephyrus's security system, which can help deal with the creature.	Activate security	None
38		Choice B Result	With a bit of rewiring and elbow grease, the crew was able to boot up the Zephyrus' defence systems. The creature stood no chance. The crew managed to access the records in the data room that served as its lair and extracted useful blueprints.		None
39		Choice C	It's possible to avoid the creature entirely by using the crew's knowledge of the Zephyrus.	Sneak in	None
40		Choice C Result	The crew managed to avoid being noticed by the creature and found a well-stocked storage room. They're transporting its contents back to the Zephyrus.		None
41	BaseQuest_T_AlienCrashSite	AlienCrashSite Intro	Our sensors are picking up something that looks like a crash site. There are no signs of sentient activity at the site. Sending a research team is advisable.	Impact Crater	/Game/Textures/FlowQuest/QuestImages/GenericQuests/T_UI_QuestImg_Obelisk.T_UI_QuestImg_Obelisk
42		AlienCrashSite T0	The team reports the debris of an ancient non-human vessel in the crater.		/Game/Textures/FlowQuest/QuestImages/GenericQuests/T_UI_QuestImg_Obelisk.T_UI_QuestImg_Obelisk
43		AlienCrashSite T0 Choice A	Performing a complete analysis of the vessel's structure may yield data that can aid in our own research and development.	Analyze	/Game/Textures/FlowQuest/QuestImages/GenericQuests/T_UI_QuestImg_Obelisk.T_UI_QuestImg_Obelisk
44		AlienCrashSite T0 Choice A Result 1	The analysis is complete. The team has transmitted the data to the R&D Lab, and our scientists are already working on it.		/Game/Textures/FlowQuest/QuestImages/GenericQuests/T_UI_QuestImg_Obelisk.T_UI_QuestImg_Obelisk
45		AlienCrashSite T0 Choice B	There's a faint energy signature inside the vessel's structure. The team theorizes it can be a power source; they can attempt to extract it.	Extract	/Game/Textures/FlowQuest/QuestImages/GenericQuests/T_UI_QuestImg_Obelisk.T_UI_QuestImg_Obelisk
46		AlienCrashSite T0 Choice B Result 1	The team has broken through the vessel's hull into what seems to be an energy cell compartment. With a bit of work, they've adapted some of the still-working power cells to function within the Behemoth's systems. The power sources are ready for retrieval.		/Game/Textures/FlowQuest/QuestImages/GenericQuests/T_UI_QuestImg_Obelisk.T_UI_QuestImg_Obelisk
47		AlienCrashSite T0 Choice C	There are traces of exotic radiation in the area, likely produced by something aboard the vessel. The team could investigate the radiation's effects on the local materials and organisms.	Investigate	/Game/Textures/FlowQuest/QuestImages/GenericQuests/T_UI_QuestImg_Obelisk.T_UI_QuestImg_Obelisk
48		AlienCrashSite T0 Choice C Result 1	The crew hasn't found any abnormalities in living organisms. However, there are fractal patterns in some minerals that can be tracked up to the molecular and even atomic level. Their observations have been uploaded into the Behemoth's databanks for further analysis.		/Game/Textures/FlowQuest/QuestImages/GenericQuests/T_UI_QuestImg_Obelisk.T_UI_QuestImg_Obelisk
49	BaseQuest_T_Anomaly_T2_E5	Anomaly_T2_E5 Intro	The ship's systems detect anomalous readings on this island.	Anomalous Readings	/Game/Textures/FlowQuest/QuestImages/GenericQuests/T_UI_QuestImg_Exploration.T_UI_QuestImg_Exploration
50		Anomaly_T2_E5	The island has a strong electromagnetic field that's responsible for the wide variety of local anomalies, such as pockets of gravity-related distortions and powerful spontaneous electric discharges.		/Game/Textures/FlowQuest/QuestImages/GenericQuests/T_UI_QuestImg_Exploration.T_UI_QuestImg_Exploration
51		Anomaly_T2_E5 Choice A	Test the effect of the local anomalies on Basic Extractors. It might be useful to learn more about the integrity limitations of Extractors.	Test Extractor	/Game/Textures/FlowQuest/QuestImages/GenericQuests/T_UI_QuestImg_Exploration.T_UI_QuestImg_Exploration
52		Anomaly_T2_E5 Choice A Result	The Basic Extractor you sent straight into the anomaly has been charged with so much energy that it is now a Battery Block.		/Game/Textures/FlowQuest/QuestImages/GenericQuests/T_UI_QuestImg_Exploration.T_UI_QuestImg_Exploration
53		Anomaly_T2_E5 Choice B	It should be useful to learn more about these anomalies and their effect on the electronic systems.	Test Electronics	/Game/Textures/FlowQuest/QuestImages/GenericQuests/T_UI_QuestImg_Exploration.T_UI_QuestImg_Exploration
54		Anomaly_T2_E5 Choice B Result	When in contact with the anomaly, the Electronic Components get overcharged with so much energy that they explode. During the test trials, the scouts managed to retrieve a few of these experimental bombs.		/Game/Textures/FlowQuest/QuestImages/GenericQuests/T_UI_QuestImg_Exploration.T_UI_QuestImg_Exploration
55		Anomaly_T2_E5 Choice C	How would a Biochemical Compound react to a localized energy storm? Only one way to find out.	Test Biochem Compounds	/Game/Textures/FlowQuest/QuestImages/GenericQuests/T_UI_QuestImg_Exploration.T_UI_QuestImg_Exploration
56		Anomaly_T2_E5 Choice C Result	When in contact with the anomaly, the Biochemical Compounds get charged with so much energy that they can now be used as power sources.		/Game/Textures/FlowQuest/QuestImages/GenericQuests/T_UI_QuestImg_Exploration.T_UI_QuestImg_Exploration
57	BaseQuest_T_Bioharvest	Bioharvest Intro	The ship's systems detect a concentration of uncatalogued bio-signatures at this location. Sending a research team is advised.	Unknown Bio Signatures	/Game/Textures/FlowQuest/QuestImages/GenericQuests/T_UI_QuestImg_BioHarvesting.T_UI_QuestImg_BioHarvesting
58		Bioharvest T0	The team reports a rich ecosystem at their location. They are excited to proceed with their research and collection of samples.		/Game/Textures/FlowQuest/QuestImages/GenericQuests/T_UI_QuestImg_BioHarvesting.T_UI_QuestImg_BioHarvesting
59		Bioharvest T0 Choice A	The crew has discovered several organisms that have been previously approved as a food source. They're thinking about preparing them in the field and delivering ready-to-eat meals to the Behemoth.	Prepare	/Game/Textures/FlowQuest/QuestImages/GenericQuests/T_UI_QuestImg_BioHarvesting.T_UI_QuestImg_BioHarvesting
60		Bioharvest T0 Choice A Result 1	The crew encourages the delivery of the harvested food to be as quick and efficient as possible to preserve its, as they describe it, "succulent" taste.		/Game/Textures/FlowQuest/QuestImages/GenericQuests/T_UI_QuestImg_BioHarvesting.T_UI_QuestImg_BioHarvesting
61		Bioharvest T0 Choice A Result 2	The crew encourages the delivery of the harvested food to be as quick and efficient as possible to preserve its, as they describe it, "succulent" taste.		/Game/Textures/FlowQuest/QuestImages/GenericQuests/T_UI_QuestImg_BioHarvesting.T_UI_QuestImg_BioHarvesting
62		Bioharvest T0 Choice B	The crew has identified several mounds of refuse around mono-species colonies. They believe that studying it will give them a better understanding of the creatures' digestive system and diet.	Study	/Game/Textures/FlowQuest/QuestImages/GenericQuests/T_UI_QuestImg_BioHarvesting.T_UI_QuestImg_BioHarvesting
63		Bioharvest T0 Choice B Result 1	The crew's report lacks the initial scientific enthusiasm. They request the showers to be available by the time they get back to the Zephyrus and claim that no matter the value of such research (even if it will save the universe, they say), they will never go back to studying the fecal samples of this particular species.		/Game/Textures/FlowQuest/QuestImages/GenericQuests/T_UI_QuestImg_BioHarvesting.T_UI_QuestImg_BioHarvesting
64		Bioharvest T0 Choice B Result 2	The crew's report lacks the initial scientific enthusiasm. They request the showers to be available by the time they get back to the Zephyrus and claim that no matter the value of such research (even if it will save the universe, they say), they will never go back to studying the fecal samples of this particular species.		/Game/Textures/FlowQuest/QuestImages/GenericQuests/T_UI_QuestImg_BioHarvesting.T_UI_QuestImg_BioHarvesting
65		Bioharvest T0 Choice C	An organism that the crew was planning to investigate has, apparently, made its burrow in an especially deep fissure. The crew insists that remotely observing this particular specimen is crucial to their mission.	Observe	/Game/Textures/FlowQuest/QuestImages/GenericQuests/T_UI_QuestImg_BioHarvesting.T_UI_QuestImg_BioHarvesting
66		Bioharvest T0 Choice C Result 1	The data the crewmembers are sending back is truly captivating: the organism has a unique approach to altering its environment to fit its needs. The R&D team already has some ideas on how to implement it into their next project.		/Game/Textures/FlowQuest/QuestImages/GenericQuests/T_UI_QuestImg_BioHarvesting.T_UI_QuestImg_BioHarvesting
67		Bioharvest T0 Choice C Result 2	The data the crewmembers are sending back is truly captivating: the organism has a unique approach to altering its environment to fit its needs. The R&D team already has some ideas on how to implement it into their next project.		/Game/Textures/FlowQuest/QuestImages/GenericQuests/T_UI_QuestImg_BioHarvesting.T_UI_QuestImg_BioHarvesting
68		Bioharvest T0 Choice D	The team thinks they're being followed by someone sentient. They don't think the pursuer is malicious and are thinking about contacting them.	Contact	/Game/Textures/FlowQuest/QuestImages/GenericQuests/T_UI_QuestImg_BioHarvesting.T_UI_QuestImg_BioHarvesting
69		Bioharvest T0 Choice D Result 1	The "pursuer" turned out to be a Knidaria researcher who's eager to join the Behemoth's crew. The crew is bringing them aboard.		/Game/Textures/FlowQuest/QuestImages/GenericQuests/T_UI_QuestImg_BioHarvesting.T_UI_QuestImg_BioHarvesting
70		Bioharvest T0 Choice D Result 2	The "pursuer" turned out to be a Knidaria researcher who's eager to join the Behemoth's crew. The crew is bringing them aboard.		/Game/Textures/FlowQuest/QuestImages/GenericQuests/T_UI_QuestImg_BioHarvesting.T_UI_QuestImg_BioHarvesting
71		Bioharvest T0 Choice E	The site is populated by a large number of non-motile scavenger organisms. The crew wants to collect samples of what appear to be their reproductive organs.	Collect	/Game/Textures/FlowQuest/QuestImages/GenericQuests/T_UI_QuestImg_BioHarvesting.T_UI_QuestImg_BioHarvesting
72		Bioharvest T0 Choice E Result 1	The crew has easily gathered enough "fruit" to fill several containers. The "harvest" is ready to be taken back to the Behemoth.		/Game/Textures/FlowQuest/QuestImages/GenericQuests/T_UI_QuestImg_BioHarvesting.T_UI_QuestImg_BioHarvesting
73		Bioharvest T0 Choice E Result 2	The crew has easily gathered enough "fruit" to fill several containers. The "harvest" is ready to be taken back to the Behemoth.		/Game/Textures/FlowQuest/QuestImages/GenericQuests/T_UI_QuestImg_BioHarvesting.T_UI_QuestImg_BioHarvesting
74		Bioharvest T0 Choice F	The team has found a large population of previously identified antiseptic-producing organisms. They can process them into usable medicine, but the procedure must be completed on-site: the organisms quickly lose their potency after being harvested.	Process	/Game/Textures/FlowQuest/QuestImages/GenericQuests/T_UI_QuestImg_BioHarvesting.T_UI_QuestImg_BioHarvesting
75		Bioharvest T0 Choice F Result 1	The crew reports an acceptable yield of medical supplies from the site. They've marked the containers for pickup.		/Game/Textures/FlowQuest/QuestImages/GenericQuests/T_UI_QuestImg_BioHarvesting.T_UI_QuestImg_BioHarvesting
76		Bioharvest T0 Choice F Result 2	The crew reports an acceptable yield of medical supplies from the site. They've marked the containers for pickup.		/Game/Textures/FlowQuest/QuestImages/GenericQuests/T_UI_QuestImg_BioHarvesting.T_UI_QuestImg_BioHarvesting
77	BaseQuest_T_CaveSystem	CaveSystem_T2_E4 Intro	A strange maze of caves zigzags through this island's body.	Unmapped Cave System	/Game/Textures/FlowQuest/QuestImages/GenericQuests/T_UI_QuestImg_CaveSystem.T_UI_QuestImg_CaveSystem
78		CaveSystem_T2_E4	As the scouts delve deeper into the dark caves, whose cold walls are adorned with faded carvings and primitive paintings, they hear a continuous echo of voices from farther along the tunnel. At first, it sounds gibberish, but as the scouts draw nearer, spurred by curiosity, they start to catch familiar words from languages spoken by human nations. And then, indeed, they see a group of people... all wearing Zephyrus's uniform.     The strangers look worse for wear, dazed, lost, and confused, raving like lunatics. When they see your scouts, they close in, howling in madness.		/Game/Textures/FlowQuest/QuestImages/GenericQuests/T_UI_QuestImg_CaveSystem.T_UI_QuestImg_CaveSystem
79		CaveSystem_T2_E4 Choice A	The scouts should try to calm down the crazed strangers. Maybe a gift of food, as a gesture of peaceful intentions, should pacify them.	Feed the strangers	/Game/Textures/FlowQuest/QuestImages/GenericQuests/T_UI_QuestImg_CaveSystem.T_UI_QuestImg_CaveSystem
80		CaveSystem_T2_E4 Choice A Result	The sight of food works like a charm for these tormented strangers. They happily accept the gift and stop being a threat. When asked how they ended up here, they blink in confusion. They can't remember but the endless tunnels they followed for... hours? Days? Surely, not more than a few days? And what was before that? A ship, oh, yes, a ship on water and before that in space... or was it all a dream, too?      On the way back, they also show the tunnels criss-crossed with golden lines they've stumbled upon recently. There, the scouts discover a gold and iron deposit.		/Game/Textures/FlowQuest/QuestImages/GenericQuests/T_UI_QuestImg_CaveSystem.T_UI_QuestImg_CaveSystem
81		CaveSystem_T2_E4 Choice B	Send an armed support group and protect the scouts.	Fight the strangers	/Game/Textures/FlowQuest/QuestImages/GenericQuests/T_UI_QuestImg_CaveSystem.T_UI_QuestImg_CaveSystem
82		CaveSystem_T2_E4 Choice B Result	The hungry and tired men are no match for your people. They run away into the caves from you, possibly to never see the light of day ever again.      One of them hauled something on the back and dropped it while fleeing. A few bars of Eldritium clatter on the ground.		/Game/Textures/FlowQuest/QuestImages/GenericQuests/T_UI_QuestImg_CaveSystem.T_UI_QuestImg_CaveSystem
83		CaveSystem_T2_E4 Choice C	Order the scouts to retreat through a different tunnel, and then send someone capable to find them and lead them out of there.	Retreat	/Game/Textures/FlowQuest/QuestImages/GenericQuests/T_UI_QuestImg_CaveSystem.T_UI_QuestImg_CaveSystem
84		CaveSystem_T2_E4 Choice C Result	Finding your people wasn't easy, and you lost hope a couple of times. But then, your search group manages to find your lost crew members.      In their retreat, the scouts stumble across a rich deposit of Iron, Sulfur, and Hydrocarbons.       As for those strangers, they have not been seen again.		/Game/Textures/FlowQuest/QuestImages/GenericQuests/T_UI_QuestImg_CaveSystem.T_UI_QuestImg_CaveSystem
85	BaseQuest_T_Fossil_T3_E5	Fossil_T3_E5 Intro	On the island's shore lies a large skeleton of an underwater species that catches the attention of your crew.	Fossil Field	/Game/Textures/FlowQuest/QuestImages/GenericQuests/T_UI_QuestImg_EventOrecalw.T_UI_QuestImg_EventOrecalw
86		Fossil_T3_E5	The scientists are excited to study the anatomy of the true giant from the local waters. A whale-like creature died a long time ago, but has managed to preserve the integrity of its skeleton in spite of everything. While one group studies the skeleton, another wanders around the island and eventually discovers an old cave system. As they start descending into the caves, they claim to hear an echoing ululation. A strange song reverberates in the tunnels, leading your people deeper and deeper into the caves.       Their journey ends abruptly at a dead end. The tunnel has collapsed.		/Game/Textures/FlowQuest/QuestImages/GenericQuests/T_UI_QuestImg_EventOrecalw.T_UI_QuestImg_EventOrecalw
87		Fossil_T3_E5 Choice A	Well-placed explosives can clear the path deeper into the caves.	Use explosives	/Game/Textures/FlowQuest/QuestImages/GenericQuests/T_UI_QuestImg_EventOrecalw.T_UI_QuestImg_EventOrecalw
88		Fossil_T3_E5 Choice A Result	The path is clear, and the tunnel leads to large vault-like caverns, partially inundated. To the surprise of the scouts, there are many more similar skeletons covering the floor. A true necropolis. As if those creatures deliberately sought out these caverns to find the final rest.      In addition, there's a rich deposit of resources.		/Game/Textures/FlowQuest/QuestImages/GenericQuests/T_UI_QuestImg_EventOrecalw.T_UI_QuestImg_EventOrecalw
89		Fossil_T3_E5 Choice B	We can set up an extraction right on the spot to clear the path.	Use an extractor	/Game/Textures/FlowQuest/QuestImages/GenericQuests/T_UI_QuestImg_EventOrecalw.T_UI_QuestImg_EventOrecalw
90		Fossil_T3_E5 Choice B Result	The path is clear, and the tunnel leads to large vault-like caverns, partially inundated. To the surprise of the scouts, there are many more similar skeletons covering the floor. A true necropolis. As if those creatures deliberately sought out these caverns to find the final rest.      In addition, the extractor accidentally taps into a rich deposit of resources.		/Game/Textures/FlowQuest/QuestImages/GenericQuests/T_UI_QuestImg_EventOrecalw.T_UI_QuestImg_EventOrecalw
91		Fossil_T3_E5 Choice C	This tunnel can be a part of a larger cave system. In that case, there may be another way in.	Find another path	/Game/Textures/FlowQuest/QuestImages/GenericQuests/T_UI_QuestImg_EventOrecalw.T_UI_QuestImg_EventOrecalw
92		Fossil_T3_E5 Choice C Result	Roaming about, the scouts find another entrance into the caves. The tunnel leads to large vault-like caverns, partially inundated. To the surprise of the scouts, there are many more similar skeletons covering the floor. A true necropolis. As if those creatures deliberately sought out these caverns to find the final rest.      In addition, passing by that serpentine tunnel, the scouts find all kinds of mineral deposits.		/Game/Textures/FlowQuest/QuestImages/GenericQuests/T_UI_QuestImg_EventOrecalw.T_UI_QuestImg_EventOrecalw
93	BaseQuest_T_PrimordialRuins	PrimordialRuins Intro	We've detected abnormalities in the island's surface. They're too regular to be natural, so we're expecting this to be an archaeological site. Sending a research team is advised.	Ancient Ruins	/Game/Textures/FlowQuest/QuestImages/GenericQuests/T_UI_QuestImg_Exploration.T_UI_QuestImg_Exploration
94		PrimordialRuins T0	The team has begun their excavation and reports promising initial results. They have uncovered several structurally preserved vaults, whose architectural style and materials indicate the ruins to be of Primordial origin. Moreover, the automated defense systems placed therein are dormant.		/Game/Textures/FlowQuest/QuestImages/GenericQuests/T_UI_QuestImg_Exploration.T_UI_QuestImg_Exploration
95		PrimordialRuins T0 Choice A	There are several carved pillars with intriguing scribing on them. The team wants to attempt to decipher those glyphs.	Decipher	/Game/Textures/FlowQuest/QuestImages/GenericQuests/T_UI_QuestImg_Exploration.T_UI_QuestImg_Exploration
96		PrimordialRuins T0 Choice A Result 1	The crew successfully translates fragments of the inscriptions, revealing them to be a complex construction plan written down in a poetic form. It seems that Primordials wrote and structured their working manuals as poems. This discovery provides insight into Primordial tech.		/Game/Textures/FlowQuest/QuestImages/GenericQuests/T_UI_QuestImg_Exploration.T_UI_QuestImg_Exploration
97		PrimordialRuins T0 Choice B	The team believes there is more to be found: a series of collapsed chambers beneath the ruins.	Excavate	/Game/Textures/FlowQuest/QuestImages/GenericQuests/T_UI_QuestImg_Exploration.T_UI_QuestImg_Exploration
98		PrimordialRuins T0 Choice B Result 1	The chamber reveals relics preserved in sealed alcoves — artifacts of craftsmanship far beyond even the human culture. Some hold faint traces of unknown energy, sparking curiosity and further study.		/Game/Textures/FlowQuest/QuestImages/GenericQuests/T_UI_QuestImg_Exploration.T_UI_QuestImg_Exploration
99		PrimordialRuins T0 Choice C	Survey the ruins with scanning equipment instead of physical excavation. Excavating blindly seems like a poor choice.	Scan	/Game/Textures/FlowQuest/QuestImages/GenericQuests/T_UI_QuestImg_Exploration.T_UI_QuestImg_Exploration
100		PrimordialRuins T0 Choice C Result 1	The team detects energy signatures in the ruins. They manage to excavate several ancient power sources and can extract some materials from them.		/Game/Textures/FlowQuest/QuestImages/GenericQuests/T_UI_QuestImg_Exploration.T_UI_QuestImg_Exploration
101		PrimordialRuins T0 Choice D	Alternatively, the effort can be spent on salvaging the construction materials from the collapsed structures.	Salvage	/Game/Textures/FlowQuest/QuestImages/GenericQuests/T_UI_QuestImg_Exploration.T_UI_QuestImg_Exploration
102		PrimordialRuins T0 Choice D Result 1	The materials are being prepared for transportation. The team warns that they've seen predator tracks in the vicinity and urges the retrieval crew to be careful. Luckily, nothing extraordinary happens, and the team safely retrieves the materials.		/Game/Textures/FlowQuest/QuestImages/GenericQuests/T_UI_QuestImg_Exploration.T_UI_QuestImg_Exploration
103		PrimordialRuins T0 Choice E	The team sees half-buried crates that appear alien to the ruins' architecture. They'd like to investigate them.	Investigate	/Game/Textures/FlowQuest/QuestImages/GenericQuests/T_UI_QuestImg_Exploration.T_UI_QuestImg_Exploration
104		PrimordialRuins T0 Choice E Result 1	The crates are mangled containers from Zephyrus, arranged in what looks like ritualistic patterns. Whoever did that is not around, and the crew proceeds to salvage the contents of those crates.		/Game/Textures/FlowQuest/QuestImages/GenericQuests/T_UI_QuestImg_Exploration.T_UI_QuestImg_Exploration
105		PrimordialRuins T0 Choice F	A section of the ruins appears freshly breached by meteoric impact. The crew wants to investigate the fallen body from the sky.	Analyze	/Game/Textures/FlowQuest/QuestImages/GenericQuests/T_UI_QuestImg_Exploration.T_UI_QuestImg_Exploration
106		PrimordialRuins T0 Choice F Result 1	To the team's surprise, the meteor that struck the building was a piece of the Zephyrus — more specifically, a section of the cargo hold carrying extractor capsules. The team has marked them for retrieval.		/Game/Textures/FlowQuest/QuestImages/GenericQuests/T_UI_QuestImg_Exploration.T_UI_QuestImg_Exploration
107	BaseQuest_T_SupplyBeacon_T1_E0	SupplyBeacon_T1_E0 Intro	We're detecting an active Zephyrus's supply drop beacon. We can use all the materials we can get. Sending a recovery crew is advised.	Supply Beacon	/Game/Textures/FlowQuest/QuestImages/GenericQuests/T_UI_QuestImg_Cargo.T_UI_QuestImg_Cargo
108		SupplyBeacon_T1_E0	The crew has a visual on the supply drop. Many of the containers split on impact and have scattered their contents across a large area. The team is conducting a sweep to assess what's recoverable, but they will need to focus on a particular type of supplies.		/Game/Textures/FlowQuest/QuestImages/GenericQuests/T_UI_QuestImg_Cargo.T_UI_QuestImg_Cargo
109		SupplyBeacon_T1_E0 Choice A	Open the pod immediately and inspect the contents.	Open	/Game/Textures/FlowQuest/QuestImages/GenericQuests/T_UI_QuestImg_Cargo.T_UI_QuestImg_Cargo
110		SupplyBeacon_T1_E0 Choice A Result	The pod contains preserved rations, medical supplies, basic tools still in usable condition, and... survivors! A group of people from Zephyrus couldn't find a free lifepod and decided to leave the compromised ship in a supply beacon. Luckily, their plan has brought them straight to your hands.		/Game/Textures/FlowQuest/QuestImages/GenericQuests/T_UI_QuestImg_Cargo.T_UI_QuestImg_Cargo
111		SupplyBeacon_T1_E0 Choice B	Disable the beacon and analyze its transmission log.	Disable	/Game/Textures/FlowQuest/QuestImages/GenericQuests/T_UI_QuestImg_Cargo.T_UI_QuestImg_Cargo
112		SupplyBeacon_T1_E0 Choice B Result	The logs reveal the coordinates of other supply drops scattered across the region. One of them contains usable power cells, which are being prepared for pickup.		/Game/Textures/FlowQuest/QuestImages/GenericQuests/T_UI_QuestImg_Cargo.T_UI_QuestImg_Cargo
113		SupplyBeacon_T1_E0 Choice C	Scan the pod for hidden compartments.	Scan	/Game/Textures/FlowQuest/QuestImages/GenericQuests/T_UI_QuestImg_Cargo.T_UI_QuestImg_Cargo
114		SupplyBeacon_T1_E0 Choice C Result	The scanners detect a concealed chamber inside the pod, holding encrypted data crystals and high-grade alloys. Both science and engineering teams gain much from this finding.		/Game/Textures/FlowQuest/QuestImages/GenericQuests/T_UI_QuestImg_Cargo.T_UI_QuestImg_Cargo
115	BaseQuest_T_ZephyrusLifepod	Lifepod Intro	We're picking up a Zephyrus escape pod's distress beacon; the signal is weak and distorted. Initiating rescue protocols. Medical personnel alerted. Recovery crew on standby.	Crashed Lifepod	/Game/Textures/FlowQuest/QuestImages/GenericQuests/T_UI_QuestImg_ExplorationGeneral.T_UI_QuestImg_ExplorationGeneral
116		Lifepod T0	The team has reached the coordinates and has a visual on the escape pod. Nothing indicates the presence of survivors. Further investigation is necessary.		/Game/Textures/FlowQuest/QuestImages/GenericQuests/T_UI_QuestImg_ExplorationGeneral.T_UI_QuestImg_ExplorationGeneral
117		Lifepod T0 Choice A	Force the hatch open and search inside.	Open	/Game/Textures/FlowQuest/QuestImages/GenericQuests/T_UI_QuestImg_ExplorationGeneral.T_UI_QuestImg_ExplorationGeneral
118		Lifepod T0 Choice A Result 1	The crew pries the door loose and discovers sealed ration packs, medical injectors, and an intact survival kit. A modest but valuable recovery.		/Game/Textures/FlowQuest/QuestImages/GenericQuests/T_UI_QuestImg_ExplorationGeneral.T_UI_QuestImg_ExplorationGeneral
119		Lifepod T0 Choice B	Examine the escape pod's emergency systems.	Inspect	/Game/Textures/FlowQuest/QuestImages/GenericQuests/T_UI_QuestImg_ExplorationGeneral.T_UI_QuestImg_ExplorationGeneral
120		Lifepod T0 Choice B Result 1	The power core, though damaged, still carries residual charge. Repurposing its components provides the engineers with useful materials.		/Game/Textures/FlowQuest/QuestImages/GenericQuests/T_UI_QuestImg_ExplorationGeneral.T_UI_QuestImg_ExplorationGeneral
121		Lifepod T0 Choice C	Search for personal effects or logs of the crew.	Recover	/Game/Textures/FlowQuest/QuestImages/GenericQuests/T_UI_QuestImg_ExplorationGeneral.T_UI_QuestImg_ExplorationGeneral
122		Lifepod T0 Choice C Result 1	A cracked datapad is recovered, containing fragments of journal entries and flight records. The information sheds light on the lifepod's origin.		/Game/Textures/FlowQuest/QuestImages/GenericQuests/T_UI_QuestImg_ExplorationGeneral.T_UI_QuestImg_ExplorationGeneral
123		Lifepod T0 Choice D	Scavenge the hull for reusable plating.	Salvage	/Game/Textures/FlowQuest/QuestImages/GenericQuests/T_UI_QuestImg_ExplorationGeneral.T_UI_QuestImg_ExplorationGeneral
124		Lifepod T0 Choice D Result 1	Sections of alloy plating are pried free and stored for later use. They will reinforce the expedition's defenses and equipment.		/Game/Textures/FlowQuest/QuestImages/GenericQuests/T_UI_QuestImg_ExplorationGeneral.T_UI_QuestImg_ExplorationGeneral
125		Lifepod T0 Choice E	Inspect the surrounding area for debris from the crash.	Search	/Game/Textures/FlowQuest/QuestImages/GenericQuests/T_UI_QuestImg_ExplorationGeneral.T_UI_QuestImg_ExplorationGeneral
126		Lifepod T0 Choice E Result 1	The search uncovers scattered toolkits, half-buried in the sand, and a still-intact water purifier. A fortunate addition to supplies.		/Game/Textures/FlowQuest/QuestImages/GenericQuests/T_UI_QuestImg_ExplorationGeneral.T_UI_QuestImg_ExplorationGeneral
127		Lifepod T0 Choice F	Perform a respectful burial of any remains found inside.	Bury	/Game/Textures/FlowQuest/QuestImages/GenericQuests/T_UI_QuestImg_ExplorationGeneral.T_UI_QuestImg_ExplorationGeneral
128		Lifepod T0 Choice F Result 1	The crew finds skeletal remains and conducts a solemn burial. Morale rises as the act honors the fallen and reinforces unity among the team.		/Game/Textures/FlowQuest/QuestImages/GenericQuests/T_UI_QuestImg_ExplorationGeneral.T_UI_QuestImg_ExplorationGeneral
129	BaseQuest_T_ZephyrusWreckage	ZephyrusWreckage Intro	This is the crash site of a large piece of the Zephyrus's superstructure. There could be useful salvage in the wreck. Sending a recovery crew is recommended.	Zephyrus Wreckage	/Game/Textures/FlowQuest/QuestImages/GenericQuests/T_UI_QuestImg_CrewEmergency.T_UI_QuestImg_CrewEmergency
130		ZephyrusWreckage T0	Several modules have managed to survive through the ship's destruction and the crash landing. But now it is prey to fire. Putting out the fire will take time, during which many of the valuable items contained in those modules will be destroyed. Your crew can save only so much. What will it be?		/Game/Textures/FlowQuest/QuestImages/GenericQuests/T_UI_QuestImg_CrewEmergency.T_UI_QuestImg_CrewEmergency
131		ZephyrusWreckage T0 Choice A	Search the wreckage for intact supplies and cargo.	Loot	/Game/Textures/FlowQuest/QuestImages/GenericQuests/T_UI_QuestImg_CrewEmergency.T_UI_QuestImg_CrewEmergency
132		ZephyrusWreckage T0 Choice A Result 1	The team recovers crates of preserved rations, tools, and medical kits. These supplies will bolster the expedition significantly.		/Game/Textures/FlowQuest/QuestImages/GenericQuests/T_UI_QuestImg_CrewEmergency.T_UI_QuestImg_CrewEmergency
133		ZephyrusWreckage T0 Choice B	Inspect the damaged engines.	Inspect	/Game/Textures/FlowQuest/QuestImages/GenericQuests/T_UI_QuestImg_CrewEmergency.T_UI_QuestImg_CrewEmergency
134		ZephyrusWreckage T0 Choice B Result 1	Despite their ruined state, the engines hold traces of advanced design — hybrid components unknown to the crew. The discovery may inspire breakthroughs in engineering.		/Game/Textures/FlowQuest/QuestImages/GenericQuests/T_UI_QuestImg_CrewEmergency.T_UI_QuestImg_CrewEmergency
135		ZephyrusWreckage T0 Choice C	Recover the ship's black box or data cores.	Recover	/Game/Textures/FlowQuest/QuestImages/GenericQuests/T_UI_QuestImg_CrewEmergency.T_UI_QuestImg_CrewEmergency
136		ZephyrusWreckage T0 Choice C Result 1	Against the odds, the crew extracts a partially functional data core. It contains fragments of logs, coordinates, and encrypted transmissions worth analyzing further.		/Game/Textures/FlowQuest/QuestImages/GenericQuests/T_UI_QuestImg_CrewEmergency.T_UI_QuestImg_CrewEmergency
137		ZephyrusWreckage T0 Choice D	Try to find survivors.	Search	/Game/Textures/FlowQuest/QuestImages/GenericQuests/T_UI_QuestImg_CrewEmergency.T_UI_QuestImg_CrewEmergency
138		ZephyrusWreckage T0 Choice D Result 1	Among the wreckage, the crew finds skeletal remains and pieces of uniforms. Burying them properly seems like a decent thing to do. The crew pays their respects and leaves a prayer for those lost souls.		/Game/Textures/FlowQuest/QuestImages/GenericQuests/T_UI_QuestImg_CrewEmergency.T_UI_QuestImg_CrewEmergency
139		ZephyrusWreckage T0 Choice E	Strip the wreckage for reusable construction materials.	Salvage	/Game/Textures/FlowQuest/QuestImages/GenericQuests/T_UI_QuestImg_CrewEmergency.T_UI_QuestImg_CrewEmergency
140		ZephyrusWreckage T0 Choice E Result 1	Large sections of plating, wiring, and structural supports are salvaged intact. These resources will prove valuable for future repairs and expansions.		/Game/Textures/FlowQuest/QuestImages/GenericQuests/T_UI_QuestImg_CrewEmergency.T_UI_QuestImg_CrewEmergency
141		ZephyrusWreckage T0 Choice F	Survey the wider crash site for external debris.	Survey	/Game/Textures/FlowQuest/QuestImages/GenericQuests/T_UI_QuestImg_CrewEmergency.T_UI_QuestImg_CrewEmergency
142		ZephyrusWreckage T0 Choice F Result 1	The search reveals scattered fragments — intact cargo pods and smaller wreckage pieces that survived the crash. These hold minor valuables that can be used on the Behemoth.		/Game/Textures/FlowQuest/QuestImages/GenericQuests/T_UI_QuestImg_CrewEmergency.T_UI_QuestImg_CrewEmergency
143	BaseQuest_T_CrewHiring	CrewHiring Intro	We're picking up chatter from a mercenary outpost. It's possible we could hire someone there.		None
144		CrewHiring T0	The outpost is bustling with activity. The landing party has identified several promising candidates that they want to talk to.		None
145		CrewHiring T0 Choice A	Aetherid	Hire	None
146		CrewHiring T0 Choice A Result 1	The crew hired an Aetherid		None
147		CrewHiring T0 Choice B	Crabari	Hire	None
148		CrewHiring T0 Choice B Result 1	The crew hired a Crabari		None
149		CrewHiring T0 Choice C	Human	Hire	None
150		CrewHiring T0 Choice C Result 1	The crew found a survivor of the Zephyrus crash.		None
151		CrewHiring T0 Choice D	Knidaria	Hire	None
152		CrewHiring T0 Choice D Result 1	The crew hired a Knidaria		None
153		CrewHiring T0 Choice E	Mistralid	Hire	None
154		CrewHiring T0 Choice E Result 1	The crew hired a Mistralid		None
155		CrewHiring T0 Choice F	Nasobi	Hire	None
156		CrewHiring T0 Choice F Result 1	The crew hired a Nasobi		None
157	SpeciesIntro_Nasobi_0A	SpeciesIntro_Nasobi_0A Intro	Unknown species settlement detected. Appears to be a small village clustered around industrial structures and a dock district.	Tools of the Trade	/Game/Textures/FlowQuest/QuestImages/CriticalQuests/T_UI_QuestImg_Nasobi_1_new.T_UI_QuestImg_Nasobi_1_new
158		SpeciesIntro_Nasobi_0A Quest Main	A group of furry bipedal creatures dressed in complex, embroidered garments greets the team. Sensors detect strong musk emissions — scents — that change in deliberate patterns as part of their communication system, alongside high-pitched vocalizations. Real-time translation is possible.      The creatures call themselves Nasobi and greet the team at this East-West Trading Company outpost. The head of the delegation calls himself Stealitte the Silky-Smooth, and is awe-struck by the sight of the Behemoth. He proposes a trade deal. It seems these Nasobi value economic relations.		/Game/Textures/FlowQuest/QuestImages/CriticalQuests/T_UI_QuestImg_Nasobi_1_new.T_UI_QuestImg_Nasobi_1_new
159		SpeciesIntro_Nasobi_0A Choice A	Stealitte offers to buy human-made alloys. This colony specializes in producing steel, and he is keen to compare our worksmanship to his.	Sell Metal	/Game/Textures/FlowQuest/QuestImages/CriticalQuests/T_UI_QuestImg_Nasobi_1_new.T_UI_QuestImg_Nasobi_1_new
160		SpeciesIntro_Nasobi_0A Choice A Result	The coins in which Stealitte pays you are made of some unknown metal or alloy. Maybe we should give it to our R&D for the test.		/Game/Textures/FlowQuest/QuestImages/CriticalQuests/T_UI_QuestImg_Nasobi_1_new.T_UI_QuestImg_Nasobi_1_new
161		SpeciesIntro_Nasobi_0A Choice B	To produce quality steel, the Nasobi mine a lot of rare metals. Stealitte is willing to trade them for precious metals — it would appear gold and silver hold value everywhere.	Buy Metal	/Game/Textures/FlowQuest/QuestImages/CriticalQuests/T_UI_QuestImg_Nasobi_1_new.T_UI_QuestImg_Nasobi_1_new
162		SpeciesIntro_Nasobi_0A Choice B Result	In Nasobi culture, gold and silver aren't as revered as in ours. Nasobi still use it for decorations and in chemistry		/Game/Textures/FlowQuest/QuestImages/CriticalQuests/T_UI_QuestImg_Nasobi_1_new.T_UI_QuestImg_Nasobi_1_new
163		SpeciesIntro_Nasobi_0A Choice C	Canned food is a rare commodity in the Colonies. Steallite proposes to buy it from us to provide a good supply in case of shipping delays	Sell Rations	/Game/Textures/FlowQuest/QuestImages/CriticalQuests/T_UI_QuestImg_Nasobi_1_new.T_UI_QuestImg_Nasobi_1_new
164		SpeciesIntro_Nasobi_0A Choice C Result	Nasobi, in return, sends us raw metals, direct from their smelters.		/Game/Textures/FlowQuest/QuestImages/CriticalQuests/T_UI_QuestImg_Nasobi_1_new.T_UI_QuestImg_Nasobi_1_new
165	SpeciesIntro_Nasobi_1A	SpeciesIntro_Nasobi_1A Intro	Nasobi trader passes you the letter from the Steallite, sealed by the East-West TC seal.	A Pleasure doing Business	/Game/Textures/FlowQuest/QuestImages/CriticalQuests/T_UI_QuestImg_Nasobi_1_new.T_UI_QuestImg_Nasobi_1_new
166		SpeciesIntro_Nasobi_1A Quest Main	Stealitte, on behalf of East-West TC, offers to continue the trade. He asks if we can sell something beyond the raw materials and expresses sincere interest in Human tech.		/Game/Textures/FlowQuest/QuestImages/CriticalQuests/T_UI_QuestImg_Nasobi_1_new.T_UI_QuestImg_Nasobi_1_new
167		SpeciesIntro_Nasobi_1A Choice A	For now, it's safer to stay on the same level of trade relations. We need to learn more about the Nasobi culture and traditions.	Sell Metal	/Game/Textures/FlowQuest/QuestImages/CriticalQuests/T_UI_QuestImg_Nasobi_1_new.T_UI_QuestImg_Nasobi_1_new
168		SpeciesIntro_Nasobi_1A Choice A Result	We can still sell steel. To be sure the Stealitte doesn't try to steal it. Too many steel puns. Anyways…      The reaction of the Nasobi captain shows, they expected more. Well, guess they'd have to wait. All in its time.		/Game/Textures/FlowQuest/QuestImages/CriticalQuests/T_UI_QuestImg_Nasobi_1_new.T_UI_QuestImg_Nasobi_1_new
169		SpeciesIntro_Nasobi_1A Choice B	Providing some compounds to increase production efficiency is a minor intrusion. A safe next step in the relations with the locals.	Sell Chemicals	/Game/Textures/FlowQuest/QuestImages/CriticalQuests/T_UI_QuestImg_Nasobi_1_new.T_UI_QuestImg_Nasobi_1_new
170		SpeciesIntro_Nasobi_1A Choice B Result	As far as we can tell, the provided chems left the Nasobi captain satisfied. We still have a lot to learn about Nasobi communications. It's not a problem to generate smells they use for communication, but it's not easy to pick the proper smell in the right situation.		/Game/Textures/FlowQuest/QuestImages/CriticalQuests/T_UI_QuestImg_Nasobi_1_new.T_UI_QuestImg_Nasobi_1_new
171		SpeciesIntro_Nasobi_1A Choice C	Sometimes, to fuel commerce, you need… fuel. An efficient energy source for the current tech level of the Nasobi can boost both production and logistics.	Sell Fuel	/Game/Textures/FlowQuest/QuestImages/CriticalQuests/T_UI_QuestImg_Nasobi_1_new.T_UI_QuestImg_Nasobi_1_new
172		SpeciesIntro_Nasobi_1A Choice C Result	It's a bit risky, for it can also boost a war-tech. But we can cut the supply in case the Company tries to fuel the warships or arms production. Be it as it may, but the Nasobi Captain sure looks happy.		/Game/Textures/FlowQuest/QuestImages/CriticalQuests/T_UI_QuestImg_Nasobi_1_new.T_UI_QuestImg_Nasobi_1_new
173	SpeciesIntro_Nasobi_1B	SpeciesIntro_Nasobi_1B Intro	Incoming transmission from Nasobi Trading Post, a plea for help	Helping Hand	/Game/Textures/FlowQuest/QuestImages/GenericQuests/T_UI_QuestImg_Exploration.T_UI_QuestImg_Exploration
174		SpeciesIntro_Nasobi_1B Quest Main	A small East-West TC trading post is under siege. A roaming sea monster decided to claim these waters as its territory. It's defending it fiercely, attacking every ship on sight. Nobody can come to or leave the island, the supplies are running low, and the distance is too big for wireless communications. But the Behemoth is too large even for the Leviathan to attack, so the Nasobi hope we can help them break the siege.		/Game/Textures/FlowQuest/QuestImages/GenericQuests/T_UI_QuestImg_Exploration.T_UI_QuestImg_Exploration
175		SpeciesIntro_Nasobi_1B Choice A	We need to help the people first. Any other decisions will cause the delay, meaning more sick and starving on the island. The Nasobi workers beg your crew to take them from this island.	Evacuate the Nasobi	/Game/Textures/FlowQuest/QuestImages/GenericQuests/T_UI_QuestImg_Exploration.T_UI_QuestImg_Exploration
176		SpeciesIntro_Nasobi_1B Choice A Result	Nasobi boss isn't pleased with you decision.      "Soft heart is often a bad advisor for the Merchant, Captain. The low-borns can take care of themselves. The goods can't. If we loose them, we wouldn't be able to pay the low-born for their work".		/Game/Textures/FlowQuest/QuestImages/GenericQuests/T_UI_QuestImg_Exploration.T_UI_QuestImg_Exploration
177		SpeciesIntro_Nasobi_1B Choice B	The Trading Post chief asks to evacuate goods and equipment first. The Company will send the armored ships to deal with the monster, but operations of such scale require preparation. The workers can hold, but the drops in sales will be devastating for the Company owners.	Evacute the Goods	/Game/Textures/FlowQuest/QuestImages/GenericQuests/T_UI_QuestImg_Exploration.T_UI_QuestImg_Exploration
178		SpeciesIntro_Nasobi_1B Choice B Result	Company chief is happy with your decision. He offers you a part of the evacuated goods as an upfront payment.		/Game/Textures/FlowQuest/QuestImages/GenericQuests/T_UI_QuestImg_Exploration.T_UI_QuestImg_Exploration
179	SpeciesIntro_Nasobi_1C	SpeciesIntro_Nasobi_1C Intro	A small Nasobi farming colony hails us on open comms. The speaker is exceedingly polite and extends an invitation for dinner.	A Gift from the Heart	/Game/Textures/FlowQuest/QuestImages/CriticalQuests/T_UI_QuestImg_Nasobi_1_new.T_UI_QuestImg_Nasobi_1_new
180		SpeciesIntro_Nasobi_1C Quest Main	The Nasobi Noble overseeing the colony, Lady Farino the Fire-Coated, pleasantly welcomes our team, offering treats and showing them around.       The conversation soon takes a darker turn. As the colony grew larger, it ran out of farming land. They still need to provide the contracted amounts to the Company, but this means there's less food for the colonists. Both a breach of contract and a famine are bad options. Is the Behemoth, by chance, looking to hire new crew members?		/Game/Textures/FlowQuest/QuestImages/CriticalQuests/T_UI_QuestImg_Nasobi_1_new.T_UI_QuestImg_Nasobi_1_new
181		SpeciesIntro_Nasobi_1C Choice A	Eldritium coins seem to be accepted universally, and Lady Farino will happily take nuggets of it as payment.	Hire Crew	/Game/Textures/FlowQuest/QuestImages/CriticalQuests/T_UI_QuestImg_Nasobi_1_new.T_UI_QuestImg_Nasobi_1_new
182		SpeciesIntro_Nasobi_1C Choice A Result	The lion share of the pay goes to the Lady of the Colony, but the willing workers are now free and will have their own paycheck.		/Game/Textures/FlowQuest/QuestImages/CriticalQuests/T_UI_QuestImg_Nasobi_1_new.T_UI_QuestImg_Nasobi_1_new
183		SpeciesIntro_Nasobi_1C Choice B	The colony needs medicine, so lady Farino will gladly accept it as payment.	Barter for Medicine	/Game/Textures/FlowQuest/QuestImages/CriticalQuests/T_UI_QuestImg_Nasobi_1_new.T_UI_QuestImg_Nasobi_1_new
184		SpeciesIntro_Nasobi_1C Choice B Result	Lady Farino accepts your offer gladly. The medicine is highly valued in the colonies, perhaps because of the long and complicated logistics, forcing the colonists to rely on their own pharmacy.		/Game/Textures/FlowQuest/QuestImages/CriticalQuests/T_UI_QuestImg_Nasobi_1_new.T_UI_QuestImg_Nasobi_1_new
185		SpeciesIntro_Nasobi_1C Choice C	Do we need to pay the landlady for her permission to hire free people, especially in times of need? It's for them to decide.	Convince Workers	/Game/Textures/FlowQuest/QuestImages/CriticalQuests/T_UI_QuestImg_Nasobi_1_new.T_UI_QuestImg_Nasobi_1_new
186		SpeciesIntro_Nasobi_1C Choice C Result	We couldn't keep this a secret. We helped Lady Farino, but we've done it behind her back. She's pissed off, seeing our actions as personal offence.		/Game/Textures/FlowQuest/QuestImages/CriticalQuests/T_UI_QuestImg_Nasobi_1_new.T_UI_QuestImg_Nasobi_1_new
187	SpeciesIntro_Nasobi_2A	SpeciesIntro_Nasobi_2A Intro	A Nasobi settlement.      They may be able to accept the refugees — our scans indicate that they're surrounded by farmed land.	Helping Hand II	/Game/Textures/FlowQuest/QuestImages/CriticalQuests/T_UI_QuestImg_Nasobi_1_new.T_UI_QuestImg_Nasobi_1_new
188		SpeciesIntro_Nasobi_2A Quest Main	Farino the Fire-Coated, Lady of the Colony, gives our team a cold welcome. She claims that hers is a small farming colony, and it can't feed any more mouths.		/Game/Textures/FlowQuest/QuestImages/CriticalQuests/T_UI_QuestImg_Nasobi_1_new.T_UI_QuestImg_Nasobi_1_new
189		SpeciesIntro_Nasobi_2A Choice A	We can offer food supplies to last the refugees until the Company can pick them up.	Supply Rations	/Game/Textures/FlowQuest/QuestImages/CriticalQuests/T_UI_QuestImg_Nasobi_1_new.T_UI_QuestImg_Nasobi_1_new
190		SpeciesIntro_Nasobi_2A Choice A Result	A small vessel cathes up to the Behemoth, with a message from the East-West Trading Company. They're thankful for us rescuing their workers and providing them with necessary supplies. The vessel bears a token of their gratitude, and uniformed Nasobi quickly bring it onboard the Behemoth.		/Game/Textures/FlowQuest/QuestImages/CriticalQuests/T_UI_QuestImg_Nasobi_1_new.T_UI_QuestImg_Nasobi_1_new
191		SpeciesIntro_Nasobi_2A Choice B	Threaten that if she won't accept the refugees, you'll inform the Company's Head Office about her actions.	Pressure the Lady	/Game/Textures/FlowQuest/QuestImages/CriticalQuests/T_UI_QuestImg_Nasobi_1_new.T_UI_QuestImg_Nasobi_1_new
192		SpeciesIntro_Nasobi_2A Choice B Result	Needles to say, lady Farino was furious, but has no choice but accept. Still, you aren't sure it 's the best course of action either for the settlement or for the refugees. If the Company wouldn't increase the supplies in time, all the nasty thing can happen on this remoute island.		/Game/Textures/FlowQuest/QuestImages/CriticalQuests/T_UI_QuestImg_Nasobi_1_new.T_UI_QuestImg_Nasobi_1_new
193		SpeciesIntro_Nasobi_2A Choice C	We will not endanger this colony further. Another destination should be possible.	Sail Away	/Game/Textures/FlowQuest/QuestImages/CriticalQuests/T_UI_QuestImg_Nasobi_1_new.T_UI_QuestImg_Nasobi_1_new
194		SpeciesIntro_Nasobi_2A Choice C Result	The refugees are a strain on the Behemoth's supplies, but it's the right thing to do.		/Game/Textures/FlowQuest/QuestImages/CriticalQuests/T_UI_QuestImg_Nasobi_1_new.T_UI_QuestImg_Nasobi_1_new
195	SpeciesIntro_Nasobi_2B	SpeciesIntro_Nasobi_2B Intro	A Nasobi outpost hails us.      Their coordinates match those of the destination of the goods we picked up previously.	Helping Hand II	/Game/Textures/FlowQuest/QuestImages/CriticalQuests/T_UI_QuestImg_Nasobi_1_new.T_UI_QuestImg_Nasobi_1_new
196		SpeciesIntro_Nasobi_2B Quest Main	Your crew meets the Nasobi noble in charge of the trading post. He thanks the Behemoth for the aid and expresses hope that the Company's armored ships will deal with the leviathan soon. His words don't sound sincere.		/Game/Textures/FlowQuest/QuestImages/CriticalQuests/T_UI_QuestImg_Nasobi_1_new.T_UI_QuestImg_Nasobi_1_new
197		SpeciesIntro_Nasobi_2B Choice A	Our part of the bargain was upheld. Whatever happens next is between the Company and their people.	Deliver the goods	/Game/Textures/FlowQuest/QuestImages/CriticalQuests/T_UI_QuestImg_Nasobi_1_new.T_UI_QuestImg_Nasobi_1_new
198		SpeciesIntro_Nasobi_2B Choice A Result	The Nasobi offical thanks us again and has a reward delivered to the Behemoth. There's no evidence of any ships being prepared to sail.		/Game/Textures/FlowQuest/QuestImages/CriticalQuests/T_UI_QuestImg_Nasobi_1_new.T_UI_QuestImg_Nasobi_1_new
199		SpeciesIntro_Nasobi_2B Choice B	The Nasobi left behind on the island must be rescued. We will hold the shipment until battleships are sent to the area.	Hold the shipment	/Game/Textures/FlowQuest/QuestImages/CriticalQuests/T_UI_QuestImg_Nasobi_1_new.T_UI_QuestImg_Nasobi_1_new
200		SpeciesIntro_Nasobi_2B Choice B Result	The official eyes the team with something approaching respect. After a short conversation with his aides, our radars detect a Company warship on course to the blockaded island. We can send the goods to the Nasobi port.		/Game/Textures/FlowQuest/QuestImages/CriticalQuests/T_UI_QuestImg_Nasobi_1_new.T_UI_QuestImg_Nasobi_1_new
201	SpeciesIntro_Nasobi_3A	SpeciesIntro_Nasobi_3A Intro	Finally, a new settlement ahead. Let's hope this is the final destination point for our Nasobi friends.	Helping Hand III	/Game/Textures/FlowQuest/QuestImages/GenericQuests/T_UI_QuestImg_Communication.T_UI_QuestImg_Communication
202		SpeciesIntro_Nasobi_3A Quest Main	A Tidal Moon Trading Company runs this place. They are eager to accept a new workforce, and even willing to pay for them. However, the East-West Company managers among the refugees warn you not to do this. Giving up such a workforce will result in significant losses for the East-West TC. That, in consequence, will damage the relations between the Company and the Behemoth.		/Game/Textures/FlowQuest/QuestImages/CriticalQuests/T_UI_QuestImg_Nasobi_1_new.T_UI_QuestImg_Nasobi_1_new
203		SpeciesIntro_Nasobi_3A Choice A	This long journey is finaly over. These people have found a new home.	Deliver the Refugees	/Game/Textures/FlowQuest/QuestImages/CriticalQuests/T_UI_QuestImg_Nasobi_1_new.T_UI_QuestImg_Nasobi_1_new
204		SpeciesIntro_Nasobi_3A Choice A Result	Tidal Moon praises your wise decision and offers you a generous gratitude. The East-West nobles, however, aren't that pleased.		/Game/Textures/FlowQuest/QuestImages/CriticalQuests/T_UI_QuestImg_Nasobi_1_new.T_UI_QuestImg_Nasobi_1_new
205		SpeciesIntro_Nasobi_3A Choice B	The East-West refugees can become part of the Behemoth's crew in full, if they so desire. They will, of course, be free to leave whenever they wish.	Hire the Refugees	/Game/Textures/FlowQuest/QuestImages/CriticalQuests/T_UI_QuestImg_Nasobi_1_new.T_UI_QuestImg_Nasobi_1_new
206		SpeciesIntro_Nasobi_3A Choice B Result	The Tidal Moon officials' mood sours, as does their smell. The refugees, however, look relieved. They will stay aboard and contribute as part of our crew. The East-West Trading Company may yet find a way to use them.		/Game/Textures/FlowQuest/QuestImages/CriticalQuests/T_UI_QuestImg_Nasobi_1_new.T_UI_QuestImg_Nasobi_1_new
207	SpeciesIntro_Nasobi_2C	SpeciesIntro_Nasobi_2C Intro	Nasobi trading post detected. They're hailing us, apparently already aware of the Behemoth.	A Pleasure doing Business II	/Game/Textures/FlowQuest/QuestImages/CriticalQuests/T_UI_QuestImg_Nasobi_1_new.T_UI_QuestImg_Nasobi_1_new
208		SpeciesIntro_Nasobi_2C Quest Main	Farino offers to buy the trinket. The offered price is surprisingly generous, almost like she's hiding real value of it.		/Game/Textures/FlowQuest/QuestImages/CriticalQuests/T_UI_QuestImg_Nasobi_1_new.T_UI_QuestImg_Nasobi_1_new
209		SpeciesIntro_Nasobi_2C Choice A	Accept the offer. Fraud or not, for us it's a matter of the relations not the real price. After all it is just a small piece of the decorations and jewelry, received as payment. There are many like it... hopefully.	Sell the trinket	/Game/Textures/FlowQuest/QuestImages/CriticalQuests/T_UI_QuestImg_Nasobi_1_new.T_UI_QuestImg_Nasobi_1_new
210		SpeciesIntro_Nasobi_2C Choice A Result	The deal is struck and the team makes it clear that they would not dream of stealing artifacts from their rightful owners. Hopefully, this message will be understood and spread around.		/Game/Textures/FlowQuest/QuestImages/CriticalQuests/T_UI_QuestImg_Nasobi_1_new.T_UI_QuestImg_Nasobi_1_new
211		SpeciesIntro_Nasobi_2C Choice B	Politely decline the offer. Maybe it's more then just a decoration. We'd better check it out.	Study the trinket	/Game/Textures/FlowQuest/QuestImages/CriticalQuests/T_UI_QuestImg_Nasobi_1_new.T_UI_QuestImg_Nasobi_1_new
212		SpeciesIntro_Nasobi_2C Choice B Result	The result amazes the scientists. The thing wasn't made by Nasobi. In fact, the only known civilization able to create such a device is the Primordials. One can only wonder how it ended up within in the Nasobi trinket.		/Game/Textures/FlowQuest/QuestImages/CriticalQuests/T_UI_QuestImg_Nasobi_1_new.T_UI_QuestImg_Nasobi_1_new
213	SpeciesIntro_Nasobi_2D	SpeciesIntro_Nasobi_2D Intro	A small trading post with a merchant ship we met recently, anchored in the docks. Something bad happened here. Realy bad.	A Pleasure doing Business II	/Game/Textures/FlowQuest/QuestImages/GenericQuests/T_UI_QuestImg_ExplorationGeneral.T_UI_QuestImg_ExplorationGeneral
214		SpeciesIntro_Nasobi_2D Quest Main	It becomes evident as soon as the team steps out of the recon craft. Some of the chemicals we sold to the East-West TC were transported here and were stored in a warehouse with none of the required precautions.       It's hard to to tell what exactly happened — an open fire in the room, an unfortunate chemical reaction or something else, but flame engulfed the warehouse and damaged the containers. Water only fuels the chemical fire, and the Nasobi are at a loss. Toxic smoke covers both the port and the town.		/Game/Textures/FlowQuest/QuestImages/GenericQuests/T_UI_QuestImg_ExplorationGeneral.T_UI_QuestImg_ExplorationGeneral
215		SpeciesIntro_Nasobi_2D Choice A	Aiding the civilians is a priority. We can treat any poisonings and burns better than the locals. We will establish a makeshift camp for the sick and wounded on the far side of the island.	Aid civilians	/Game/Textures/FlowQuest/QuestImages/GenericQuests/T_UI_QuestImg_ExplorationGeneral.T_UI_QuestImg_ExplorationGeneral
216		SpeciesIntro_Nasobi_2D Choice A Result	A few moments after the team was done with the evacuation, the smoking warehouse suddenly burst into blue-green flames. Even a short delay could have caused new victims, but our timely action saw most of the population safe. However, the settlement is now polluted beyond any hope of recovery. Everything from the smallest trinkets to the largest structures must be disposed of.		/Game/Textures/FlowQuest/QuestImages/GenericQuests/T_UI_QuestImg_ExplorationGeneral.T_UI_QuestImg_ExplorationGeneral
217		SpeciesIntro_Nasobi_2D Choice B	Decontaminating the city is a priority. Only we know how to deal with the chemicals; let the Nasobi tend to their wounded.	Scrub the town	/Game/Textures/FlowQuest/QuestImages/GenericQuests/T_UI_QuestImg_ExplorationGeneral.T_UI_QuestImg_ExplorationGeneral
218		SpeciesIntro_Nasobi_2D Choice B Result	As the decontamination team was at work, a new explosion rocked the town. As far as anyone can tell, the remaining pressurized containers ruptured under the heat. The decontamination crew, protected by the force fields, wasn't harmed, but a lot of Nasobi were exposed to the the toxic fallout from the explosion.		/Game/Textures/FlowQuest/QuestImages/GenericQuests/T_UI_QuestImg_ExplorationGeneral.T_UI_QuestImg_ExplorationGeneral
219		SpeciesIntro_Nasobi_2D Choice C	The chemicals were not evacuated from the warehouse and may yet pose a danger. Our crews can check whether that's the case.	Enter the building	/Game/Textures/FlowQuest/QuestImages/GenericQuests/T_UI_QuestImg_ExplorationGeneral.T_UI_QuestImg_ExplorationGeneral
220		SpeciesIntro_Nasobi_2D Choice C Result	The emergency team managed to drag out most of the remaining chemicals and extinguish several flame sources. While they couldn't prevent the next explosion, there were only a few containers left and the damage was limited to the building; the decontamination teams were done with the pollutants within the hour.		/Game/Textures/FlowQuest/QuestImages/GenericQuests/T_UI_QuestImg_ExplorationGeneral.T_UI_QuestImg_ExplorationGeneral
221	SpeciesIntro_Nasobi_2E	SpeciesIntro_Nasobi_2E Intro	Girano, a Nasobi Noble who came with the hired workers, is causing trouble.	A Gift from the Heart II	/Game/Textures/FlowQuest/QuestImages/CriticalQuests/T_UI_QuestImg_Nasobi_1_new.T_UI_QuestImg_Nasobi_1_new
222		SpeciesIntro_Nasobi_2E Quest Main	Girano the Salty-Black thinks he is the ultimate authority among the Nasobi crew members. He interferes with their tasks, gives his own orders, and punishes Nasobi workers at will. Not only does this disrupt the workflow, but it also affects the human crew witnessing it. Action must be taken.		/Game/Textures/FlowQuest/QuestImages/CriticalQuests/T_UI_QuestImg_Nasobi_1_new.T_UI_QuestImg_Nasobi_1_new
223		SpeciesIntro_Nasobi_2E Choice A	This cannot continue. Girano will be relieved of his duties, constrained to his quarters and let off board in the next Nasobi port.	Censure Girano	/Game/Textures/FlowQuest/QuestImages/CriticalQuests/T_UI_QuestImg_Nasobi_1_new.T_UI_QuestImg_Nasobi_1_new
224		SpeciesIntro_Nasobi_2E Choice A Result	The low-born Nasobi crew members welcome the news of Girano no longer being in charge. The Behemoth's officers definitely hold more authority in their eyes after this.		/Game/Textures/FlowQuest/QuestImages/CriticalQuests/T_UI_QuestImg_Nasobi_1_new.T_UI_QuestImg_Nasobi_1_new
225		SpeciesIntro_Nasobi_2E Choice B	Girano's superiors will know how to rein him in. We should contact the Tidal Moon Trading Company.	Contact superiors	/Game/Textures/FlowQuest/QuestImages/CriticalQuests/T_UI_QuestImg_Nasobi_1_new.T_UI_QuestImg_Nasobi_1_new
226		SpeciesIntro_Nasobi_2E Choice B Result	The executives in the Tidal Moon office provide sincere and very formal apologies for Girano's behavior. They call him off and provide small compensation for the troubles he caused. The low-born Nasobi appear relieved.		/Game/Textures/FlowQuest/QuestImages/CriticalQuests/T_UI_QuestImg_Nasobi_1_new.T_UI_QuestImg_Nasobi_1_new
227		SpeciesIntro_Nasobi_2E Choice C	Girano should taste his own medicine. He will be punished for breach of subordination. This should make him think before acting next time.	Punish Girano	/Game/Textures/FlowQuest/QuestImages/CriticalQuests/T_UI_QuestImg_Nasobi_1_new.T_UI_QuestImg_Nasobi_1_new
228		SpeciesIntro_Nasobi_2E Choice C Result	Girano leaves the ship as soon as you enter the next Nasobi port. He is furious and swears to report everything to the Company. This will definitely change how we are viewed by the Nasobi officials.		/Game/Textures/FlowQuest/QuestImages/CriticalQuests/T_UI_QuestImg_Nasobi_1_new.T_UI_QuestImg_Nasobi_1_new
229	SpeciesIntro_Nasobi_2F	SpeciesIntro_Nasobi_2F Intro	The Nasobi refuse to follow orders and ignore their responsibilities. If left unaddressed, this may cause us problems.	A Gift from the Heart II	/Game/Textures/FlowQuest/QuestImages/CriticalQuests/T_UI_QuestImg_Nasobi_1_new.T_UI_QuestImg_Nasobi_1_new
230		SpeciesIntro_Nasobi_2F Quest Main	The Nasobi openly ignore direct orders and leave their posts — not on some rare occasions, but in a systemic manner. However, they do not show aggression or act hostile towards the human crew, including the commanding officers who try to censure them.		/Game/Textures/FlowQuest/QuestImages/CriticalQuests/T_UI_QuestImg_Nasobi_1_new.T_UI_QuestImg_Nasobi_1_new
231		SpeciesIntro_Nasobi_2F Choice A	We should clarify the rules. A set of guidelines, incuding punishments and restrictions, must be designed and communicated to the Nasobi to prevent them from breaking the rules in the future.	Install rules	/Game/Textures/FlowQuest/QuestImages/CriticalQuests/T_UI_QuestImg_Nasobi_1_new.T_UI_QuestImg_Nasobi_1_new
232		SpeciesIntro_Nasobi_2F Choice A Result	The guidelines training sessions showed a good level of understanding and a positive feedback from the majority of the Nasobi crew. However, overall effectiveness was mediocre at best — the punishments that were applied did little for behavior correction.		/Game/Textures/FlowQuest/QuestImages/CriticalQuests/T_UI_QuestImg_Nasobi_1_new.T_UI_QuestImg_Nasobi_1_new
233		SpeciesIntro_Nasobi_2F Choice B	The problem may run deeper than is immediately apparent. We should study the interactions between humans and Nasobi to find the reason for the unsubordination.	Study the crew	/Game/Textures/FlowQuest/QuestImages/CriticalQuests/T_UI_QuestImg_Nasobi_1_new.T_UI_QuestImg_Nasobi_1_new
234		SpeciesIntro_Nasobi_2F Choice B Result	A joint human-Nasobi study demonstrated that the Nasobi have trouble comprehending human communications in full, both written and verbal, since it lacks the scent component and thus limits the transmitted information. Non-verbal human communications, like gestures and facial expressions, are alien to Nasobi and take time to learn. The same is true about humans, who have trouble deciphering and, in some cases, even feeling Nasobi scents. While we can't recreate Nasobi non-verbal communication in full, we can now at least avoid misunderstandings and formulate communication guidelines.		/Game/Textures/FlowQuest/QuestImages/CriticalQuests/T_UI_QuestImg_Nasobi_1_new.T_UI_QuestImg_Nasobi_1_new
235		SpeciesIntro_Nasobi_2F Choice C	We have enough on our hands already. The Nasobi should be able to handle isolated jobs with low responsibility and minimal outer interactions. Since they're farmers, they can be trusted with growing food.	Give simple jobs	/Game/Textures/FlowQuest/QuestImages/CriticalQuests/T_UI_QuestImg_Nasobi_1_new.T_UI_QuestImg_Nasobi_1_new
236		SpeciesIntro_Nasobi_2F Choice C Result	Surprisingly, this worked well enough. Freed from the need to engage with complicated, borderline incomprehensible industrial procedures, Nasobi became more proactive and involved with their tasks. This is a good start and will allow the officers to gradually teach them to handle more complex procedures.		/Game/Textures/FlowQuest/QuestImages/CriticalQuests/T_UI_QuestImg_Nasobi_1_new.T_UI_QuestImg_Nasobi_1_new
237	Nasobi_L2-V1-Q1-0A	CriticalQuest_Nasobi_L2-V1-Q1-0A_Intro	Nasobi Trading Post ahead. Not just warehouses, but also a steel mill. A large enterprise they have here.		/Game/Textures/FlowQuest/QuestImages/CriticalQuests/T_UI_QuestImg_Nasobi_1_new.T_UI_QuestImg_Nasobi_1_new
238		CriticalQuest_Nasobi_L2-V1-Q1-0A_Quest_Main	Incoming transmittion: Welcome, Captain! The name is Stealitte the Silky-Smooth. I've heard of your ship and the miraculous tech you have on it. Care to trade it for something of our goods?		/Game/Textures/FlowQuest/QuestImages/CriticalQuests/T_UI_QuestImg_Nasobi_1_new.T_UI_QuestImg_Nasobi_1_new
239		CriticalQuest_Nasobi_L2-V1-Q1-0A _Choice_A	Behemoth can provide you with fuel for your furnaces, and you, in return, can supply us with metal.	PROVIDE Chemical Fuel	/Game/Textures/FlowQuest/QuestImages/CriticalQuests/T_UI_QuestImg_Nasobi_1_new.T_UI_QuestImg_Nasobi_1_new
240		CriticalQuest_Nasobi_L2-V1-Q1-0A_Choice_A_Result	Great, Captain! We'll gladly trade.		/Game/Textures/FlowQuest/QuestImages/CriticalQuests/T_UI_QuestImg_Nasobi_1_new.T_UI_QuestImg_Nasobi_1_new
241		CriticalQuest_Nasobi_L2-V1-Q1-0A_Choice_B	Behemoth can supply thermoplastics, a great material for heat insulation, assuring the health and safety of the workers.	PROVIDE Thermoplastics	/Game/Textures/FlowQuest/QuestImages/CriticalQuests/T_UI_QuestImg_Nasobi_1_new.T_UI_QuestImg_Nasobi_1_new
242		CriticalQuest_Nasobi_L2-V1-Q1-0A_Choice_B_Result	I think you misunderstand us, Captain. We are smelting iron, not babysitting some furry good-for-nothings. If some of them fall out, there are always ten new, willing to take their place. Still, we accept.		/Game/Textures/FlowQuest/QuestImages/CriticalQuests/T_UI_QuestImg_Nasobi_1_new.T_UI_QuestImg_Nasobi_1_new
243	Nasobi_L2-V1-Q1-1A	CriticalQuest_Nasobi_L2-V1-Q1-1A_Intro	New Nasobi construction site.		/Game/Textures/FlowQuest/QuestImages/CriticalQuests/T_UI_QuestImg_Nasobi_1_new.T_UI_QuestImg_Nasobi_1_new
244		CriticalQuest_Nasobi_L2-V1-Q1-1A_Quest_Main	Greetings, Captain! It's about time you arrived. We are building a new plant, extracting and smelting rare metals. We'd appreciate your help. Do you have other marvelous tech for sale?		/Game/Textures/FlowQuest/QuestImages/CriticalQuests/T_UI_QuestImg_Nasobi_1_new.T_UI_QuestImg_Nasobi_1_new
245		CriticalQuest_Nasobi_L2-V1-Q1-1A_Choice_A	Effective explosives to speed up the mining. Be careful, though. It is powerful.	SELL Explosive charges	/Game/Textures/FlowQuest/QuestImages/CriticalQuests/T_UI_QuestImg_Nasobi_1_new.T_UI_QuestImg_Nasobi_1_new
246		CriticalQuest_Nasobi_L2-V1-Q1-1A_Choice_A_Result	This is amazing, Captain! Never seen so little powder making so much boom! And you were right. We should've been more careful. A few miners ended up under a landslide. But fret not. Those are replaceable.		/Game/Textures/FlowQuest/QuestImages/CriticalQuests/T_UI_QuestImg_Nasobi_1_new.T_UI_QuestImg_Nasobi_1_new
247		CriticalQuest_Nasobi_L2-V1-Q1-1A_Choice_B	We can provide recovery medicine for your workers. It restores energy and makes rest more recovering. This has no side effects and don't cause the addiction, however, you should control the distribution carefully.	PROVIDE meds	/Game/Textures/FlowQuest/QuestImages/CriticalQuests/T_UI_QuestImg_Nasobi_1_new.T_UI_QuestImg_Nasobi_1_new
248		CriticalQuest_Nasobi_L2-V1-Q1-1A_Choice_B_Result	This stuff sure helps, Captain. No complaints, no suspicious activities – commoners are greateful for your gift. The problem is, as they work more, we must pay them more. ho-ho!		/Game/Textures/FlowQuest/QuestImages/CriticalQuests/T_UI_QuestImg_Nasobi_1_new.T_UI_QuestImg_Nasobi_1_new
249		CriticalQuest_Nasobi_L2-V1-Q1-1A_Choice_C	We can send our specialists to increase the productivity of your plant.	ASSIGN CREW	/Game/Textures/FlowQuest/QuestImages/CriticalQuests/T_UI_QuestImg_Nasobi_1_new.T_UI_QuestImg_Nasobi_1_new
250		CriticalQuest_Nasobi_L2-V1-Q1-1A_Choice_C_Result	Your guidance significantly increased the productivity, and gain praise both from nobles and commoners.		/Game/Textures/FlowQuest/QuestImages/CriticalQuests/T_UI_QuestImg_Nasobi_1_new.T_UI_QuestImg_Nasobi_1_new
251	Nasobi_L2-V1-Q1-1B	CriticalQuest_Nasobi_L2-V1-Q1-1B_Intro	New Nasobi construction site.		/Game/Textures/FlowQuest/QuestImages/CriticalQuests/T_UI_QuestImg_Nasobi_1_new.T_UI_QuestImg_Nasobi_1_new
252		CriticalQuest_Nasobi_L2-V1-Q1-1B_Quest_Main	After the meeting with the Factory chief, where he asked us for more Earth-tech, some worker pushed a small note into the hand of our ambassador. “Your thermoplastics saved many lives and eased our work. We are grateful that you care not only for the profit. Can you trade more of such tech? The work here on the new site is deadly hard, and we need all the help we can get.		/Game/Textures/FlowQuest/QuestImages/CriticalQuests/T_UI_QuestImg_Nasobi_1_new.T_UI_QuestImg_Nasobi_1_new
253		CriticalQuest_Nasobi_L2-V1-Q1-1B_Choice_A	Electronics and remote controls will make the production process quicker and safer.	PROVIDE Microcontrollers	/Game/Textures/FlowQuest/QuestImages/CriticalQuests/T_UI_QuestImg_Nasobi_1_new.T_UI_QuestImg_Nasobi_1_new
254		CriticalQuest_Nasobi_L2-V1-Q1-1B_Choice_A_Result	Factory Chief Stealette doesn't seem happy, but pays for your stuff anyway.		/Game/Textures/FlowQuest/QuestImages/CriticalQuests/T_UI_QuestImg_Nasobi_1_new.T_UI_QuestImg_Nasobi_1_new
255		CriticalQuest_Nasobi_L2-V1-Q1-1B_Choice_B	We can provide recovery medicine for your workers. It restores energy and makes rest more recovering. This has no side effects and don't cause the addiction, however, you should control the distribution carefuly.	PROVIDE meds	/Game/Textures/FlowQuest/QuestImages/CriticalQuests/T_UI_QuestImg_Nasobi_1_new.T_UI_QuestImg_Nasobi_1_new
256		CriticalQuest_Nasobi_L2-V1-Q1-1B_Choice_B_Result	This stuff sure helps, Captain. No complaints, no suspicious activities – commoners are greateful for your gift. The problem is, as they work more, we must pay them more. ho-ho!		/Game/Textures/FlowQuest/QuestImages/CriticalQuests/T_UI_QuestImg_Nasobi_1_new.T_UI_QuestImg_Nasobi_1_new
257	Nasobi_L2-V1-Q1-2A	CriticalQuest_Nasobi_L2-V1-Q1-2A_Intro	Nasobi city-state welcomes us. Steallite invites us to the meeting with the City Council..		/Game/Textures/FlowQuest/QuestImages/CriticalQuests/T_UI_QuestImg_Nasobi_1_new.T_UI_QuestImg_Nasobi_1_new
258		CriticalQuest_Nasobi_L2-V1-Q1-2A_Quest_Main	We welcome you, Captain, as a good friend and a reliable partner. We'd like to offer you an even bigger deal. We need workers. The ones we have are lazy, incompetent, and rebellious. We know, most of the work on your ship is done by machines. We want these machines and are ready to pay for them.		/Game/Textures/FlowQuest/QuestImages/CriticalQuests/T_UI_QuestImg_Nasobi_1_new.T_UI_QuestImg_Nasobi_1_new
259		CriticalQuest_Nasobi_L2-V1-Q1-2A_Choice_A	We have tireless workers. They are capable of working in the toughest conditions. Still, they can grow tired, they can break and can be useless if cannot give the right commands. And yes, they are very expensive.	PROVIDE Worker Drones	/Game/Textures/FlowQuest/QuestImages/CriticalQuests/T_UI_QuestImg_Nasobi_1_new.T_UI_QuestImg_Nasobi_1_new
260		CriticalQuest_Nasobi_L2-V1-Q1-2A_Choice_A_Result	If Nasobi had any doubts about the purchase, the demonstration convinces them. The artifacts they offer you as a payment is more than equal value. Those are crafted by civilization far over any you've encountered on Keeling so far.		/Game/Textures/FlowQuest/QuestImages/CriticalQuests/T_UI_QuestImg_Nasobi_1_new.T_UI_QuestImg_Nasobi_1_new
261		CriticalQuest_Nasobi_L2-V1-Q1-2A_Choice_B	Back in our homeland, we had a saying: Work smart, not hard. You don't need stronger workers, you need better management. And this we can give you. But do not fool yoursekves. The machine can perform complex calculations but you still need a living brain to make most of it.	PROVIDE Comm-Links	/Game/Textures/FlowQuest/QuestImages/CriticalQuests/T_UI_QuestImg_Nasobi_1_new.T_UI_QuestImg_Nasobi_1_new
262		CriticalQuest_Nasobi_L2-V1-Q1-2A_Choice_B_Result	The new control system significantly boosted production level on the biggest Nasobi factories. The payment was fair enough, and we also got a small (or not so small) bonus. The installed system not just controlled the production but also send us data analysis on the Nasobi industry and production. "Learn not by words, but by deeds" - there's wisdom in these words.		/Game/Textures/FlowQuest/QuestImages/CriticalQuests/T_UI_QuestImg_Nasobi_1_new.T_UI_QuestImg_Nasobi_1_new
263		CriticalQuest_Nasobi_L2-V1-Q1-2A_Choice_C	The artificial workforce - is a complex technology, which require technological base and trained professionals to operate. It may easily be wasted or abused. Unfortunately we can't sell you that.		/Game/Textures/FlowQuest/QuestImages/CriticalQuests/T_UI_QuestImg_Nasobi_1_new.T_UI_QuestImg_Nasobi_1_new
264		CriticalQuest_Nasobi_L2-V1-Q1-2A_Choice_C_Result	Ambassadors leave shortly after. No deal - no feel, as it is said. Nasobi nobles loose interest in further contacts, and you presume they are offended by you refusal.		/Game/Textures/FlowQuest/QuestImages/CriticalQuests/T_UI_QuestImg_Nasobi_1_new.T_UI_QuestImg_Nasobi_1_new
265		CriticalQuest_Nasobi_L2-V1-Q1-2A_Inaction	Ambassadors leave shortly after. No deal - no feel, as it is said. Nasobi nobles loose interest in further contacts, and you presume they are offended by you refusal.		/Game/Textures/FlowQuest/QuestImages/CriticalQuests/T_UI_QuestImg_Nasobi_1_new.T_UI_QuestImg_Nasobi_1_new
266	Nasobi_L2-V1-Q1-2B	CriticalQuest_Nasobi_L2-V1-Q1-2B_Intro	A Nasobi city-state. It's in disarray: lots of homeless on the streets, garbage, and rubble. Should we check it out?		/Game/Textures/FlowQuest/QuestImages/CriticalQuests/T_UI_QuestImg_Nasobi_1_new.T_UI_QuestImg_Nasobi_1_new
267		CriticalQuest_Nasobi_L2-V1-Q1-2B_Quest_Main	Steallitte steps up to welcome the arrivals. Your Meds. It was too good for its own right. We limited the distribution, providing it only in prescript doses and everything worked perfect. Until someone decided, the stuff is too good to have in such small amounts. We guarded it well, so all heist attempts failed miserably. But we didn't expect someone will try to recreate it. And that someone did. With one small  nuance. Not one, actually. The fake drug was weaker, had strong side effecs and was addictive. It spreads like wildfire. Now it's everywhere. You must help us stop it.		/Game/Textures/FlowQuest/QuestImages/CriticalQuests/T_UI_QuestImg_Nasobi_1_new.T_UI_QuestImg_Nasobi_1_new
268		CriticalQuest_Nasobi_L2-V1-Q1-2B_Choice_A	To stop the mass spreading we need to study the drug and work on effective treatment. Cured Nasobi can form the addiction anew, but that's not our problem in the end.	FORM Taskforce to cure the addiction	/Game/Textures/FlowQuest/QuestImages/CriticalQuests/T_UI_QuestImg_Nasobi_1_new.T_UI_QuestImg_Nasobi_1_new
269		CriticalQuest_Nasobi_L2-V1-Q1-2B_Choice_A_Result	The treatment helped, but the collective trauma remains. The drug wasn't made by humans, but the nasobi still blamed us of what had happened. The crew members, who helped the sick, suspect it was the nobles' idea to create a replacement drug. They hired the chemists and financed the research. The problem was, the Nasobi pharmacy was on significantly lower level.      Maybe that's the reason the nobles were so eager to pay for our help but did nothing to refute the rumors, putting the blame on us.		/Game/Textures/FlowQuest/QuestImages/CriticalQuests/T_UI_QuestImg_Nasobi_1_new.T_UI_QuestImg_Nasobi_1_new
270		CriticalQuest_Nasobi_L2-V1-Q1-2B_Choice_B	We can research produce the medicine to make the Nasobi permanently resistant to the drug effects. This would be more efficient than curing each and every addict in the city. This will not restore the damage the drug had already done, however. And there's still an ethical question. Are we truly ready to modify another sentient beings?	PRODUCE Biomods	/Game/Textures/FlowQuest/QuestImages/CriticalQuests/T_UI_QuestImg_Nasobi_1_new.T_UI_QuestImg_Nasobi_1_new
271		CriticalQuest_Nasobi_L2-V1-Q1-2B_Choice_B_Result	Addiction left hundreds, if not thousands Nasobi traumatized, and the city-state in ruins. The good thing is, the immunity for the addiction is permanent, so the drug is permanently out of action. Those who spread it, wouldn't be able to do it again.		/Game/Textures/FlowQuest/QuestImages/CriticalQuests/T_UI_QuestImg_Nasobi_1_new.T_UI_QuestImg_Nasobi_1_new
272		CriticalQuest_Nasobi_L2-V1-Q1-2B_Inaction	Addiction left hundreds, if not thousands Nasobi traumatized, and the city-state in ruins. The good thing is, the immunity for the addiction is permanent, so the drug is permanently out of action. Those who spread it, wouldn't be able to do it again.		/Game/Textures/FlowQuest/QuestImages/CriticalQuests/T_UI_QuestImg_Nasobi_1_new.T_UI_QuestImg_Nasobi_1_new
273	Nasobi_L2-V1-Q1-2C	CriticalQuest_Nasobi_L2-V1-Q1-2C_Intro	Behemoth's engineers became very close with some factory workers. Nasobi are sharp-witted, clever and fast learning kind. They deserve better.		/Game/Textures/FlowQuest/QuestImages/CriticalQuests/T_UI_QuestImg_Nasobi_1_new.T_UI_QuestImg_Nasobi_1_new
274		CriticalQuest_Nasobi_L2-V1-Q1-2C_Quest_Main	The engineers spend a lot of time explaining, how things were on Earth, about the rights, freedoms, and justice. One of the workers, Hadoku, are the most eager to learn and apply the rules the humans told him about. He seeks our support, but it may displease the factory boss, Stealitte. What should we do?		/Game/Textures/FlowQuest/QuestImages/CriticalQuests/T_UI_QuestImg_Nasobi_1_new.T_UI_QuestImg_Nasobi_1_new
275		CriticalQuest_Nasobi_L2-V1-Q1-2C_Choice_A	Help Hadoku with the organization of the Union and support their claims before the Factory management.	SUPPORT the workers	/Game/Textures/FlowQuest/QuestImages/CriticalQuests/T_UI_QuestImg_Nasobi_1_new.T_UI_QuestImg_Nasobi_1_new
276		CriticalQuest_Nasobi_L2-V1-Q1-2C_Choice_A_Result	The uprising of the workers angered and frightened the nobles of the factory. They didn't dare to respond with violence but neither they accepted all the claims. The negotiations were long and hard and even the initial success are far from the decisive victory. One thing for certain: nobles will remember on who's side you are. As well as commoners.		/Game/Textures/FlowQuest/QuestImages/CriticalQuests/T_UI_QuestImg_Nasobi_1_new.T_UI_QuestImg_Nasobi_1_new
277		CriticalQuest_Nasobi_L2-V1-Q1-2C_Choice_B	Direct involvement in the internal affairs is too risky and may drag us into a conflict. We can be on the good side, still remaining neutral. We have our own problems to solve. Teach, instruct, consult - but not interfere.	STAY neutral	/Game/Textures/FlowQuest/QuestImages/CriticalQuests/T_UI_QuestImg_Nasobi_1_new.T_UI_QuestImg_Nasobi_1_new
278		CriticalQuest_Nasobi_L2-V1-Q1-2C_Choice_B_Result	Tensions are rising. The workers acted earlier than we expected and the confrontation became violent.		/Game/Textures/FlowQuest/QuestImages/CriticalQuests/T_UI_QuestImg_Nasobi_1_new.T_UI_QuestImg_Nasobi_1_new
279		CriticalQuest_Nasobi_L2-V1-Q1-2C_Choice_C	This is unacceptable. We can't be involved, this is too dangerous. We don't need enemies on Keeling, our situation is dire enough as it is.	Notify the Company	/Game/Textures/FlowQuest/QuestImages/CriticalQuests/T_UI_QuestImg_Nasobi_1_new.T_UI_QuestImg_Nasobi_1_new
280		CriticalQuest_Nasobi_L2-V1-Q1-2C_Choice_C_Result	A passing ship told us of the bloody rebellion on the mining facilty. Rebels were subdued, but some of them managed to capture a small ship and escape.		/Game/Textures/FlowQuest/QuestImages/CriticalQuests/T_UI_QuestImg_Nasobi_1_new.T_UI_QuestImg_Nasobi_1_new
281		CriticalQuest_Nasobi_L2-V1-Q1-2C_Inaction			/Game/Textures/FlowQuest/QuestImages/CriticalQuests/T_UI_QuestImg_Nasobi_1_new.T_UI_QuestImg_Nasobi_1_new
282	Nasobi_L2-V1-Q1-2D	CriticalQuest_Nasobi_L2-V1-Q1-2D_Intro	A Nasobi ship approached. No nobles there, just commoners, many of them exhausted and injured. Their leader is Hadoku, the worker who gave you the message. He ask permission to come aboard the Behemoth.		/Game/Textures/FlowQuest/QuestImages/CriticalQuests/T_UI_QuestImg_Nasobi_1_new.T_UI_QuestImg_Nasobi_1_new
283		CriticalQuest_Nasobi_L2-V1-Q1-2D_Quest_Main	Hadoku carries a weapon, his hand is bandaged, apparently still healing from injury. Still he looks calm and certain:      We rebelled and captured this ship. We don't want to live and die under the will of the Company Bosses. We want to join you and serve on your ship.		/Game/Textures/FlowQuest/QuestImages/CriticalQuests/T_UI_QuestImg_Nasobi_1_new.T_UI_QuestImg_Nasobi_1_new
284		CriticalQuest_Nasobi_L2-V1-Q1-2D_Choice_A	We can take only a few. But we can supply you on your way to your new home.	PROVIDE Cyberware & Food	/Game/Textures/FlowQuest/QuestImages/CriticalQuests/T_UI_QuestImg_Nasobi_1_new.T_UI_QuestImg_Nasobi_1_new
285		CriticalQuest_Nasobi_L2-V1-Q1-2D_Choice_A_Result	Nasobi accept your help. A couple of them still want to join your crew.		/Game/Textures/FlowQuest/QuestImages/CriticalQuests/T_UI_QuestImg_Nasobi_1_new.T_UI_QuestImg_Nasobi_1_new
286		CriticalQuest_Nasobi_L2-V1-Q1-2D_Choice_B	We're sorry, but your actions are unlawful, and we cannot support you. We just can't make enemies with the Nasobi authorities.	DECLINE	/Game/Textures/FlowQuest/QuestImages/CriticalQuests/T_UI_QuestImg_Nasobi_1_new.T_UI_QuestImg_Nasobi_1_new
287		CriticalQuest_Nasobi_L2-V1-Q1-2D_Choice_B_Result	Stealitte sends you a message:      It was wise not to protect those rebels. We've found and returned them. Those found guilty would be punished accordingly.		/Game/Textures/FlowQuest/QuestImages/CriticalQuests/T_UI_QuestImg_Nasobi_1_new.T_UI_QuestImg_Nasobi_1_new
288		CriticalQuest_Nasobi_L2-V1-Q1-2D_Choice_C	Hadoku looks at you with determination and accusation: You showed us the way. And then, you abandoned us. You can't just drop what you've started. His right. And no matter how we wanted to stay clear of the local politics, we're already involved.	PROVIDE Aid	/Game/Textures/FlowQuest/QuestImages/CriticalQuests/T_UI_QuestImg_Nasobi_1_new.T_UI_QuestImg_Nasobi_1_new
289		CriticalQuest_Nasobi_L2-V1-Q1-2D_Choice_C_Result	This will protect you if Company tries to attack you in your new home. That's the best we can offer for now.		/Game/Textures/FlowQuest/QuestImages/CriticalQuests/T_UI_QuestImg_Nasobi_1_new.T_UI_QuestImg_Nasobi_1_new
290		CriticalQuest_Nasobi_L2-V1-Q1-2D_Inaction			/Game/Textures/FlowQuest/QuestImages/CriticalQuests/T_UI_QuestImg_Nasobi_1_new.T_UI_QuestImg_Nasobi_1_new
291	DeckQuest_Resource_Acquisition	DeckQuest_Resource_Acquisition Quest Main	R&D has asked us to secure specific resources during our travels and deliver them directly to the lab. Each material is a missing key component that prevents R&D from making a breakthrough in one of the following research programs...		/Game/Textures/FlowQuest/QuestImages/GenericQuests/T_UI_QuestImg_MedicalEmergency.T_UI_QuestImg_MedicalEmergency
292		DeckQuest_Resource_Acquisition Choice A	Iron is an essential base material used in many construction projects. We should extract and deliver a batch from the nearest suitable island when we get a chance.	Donate Iron	/Game/Textures/FlowQuest/QuestImages/GenericQuests/T_UI_QuestImg_MedicalEmergency.T_UI_QuestImg_MedicalEmergency
293		DeckQuest_Resource_Acquisition Choice A Result	R&D receives a requested amount of smelt-grade iron and immediately validates it fit for their work. After running a few tests, they find a way to improve some of the structures previously designed for construction. They provide new blueprints for the Construction team.		/Game/Textures/FlowQuest/QuestImages/GenericQuests/T_UI_QuestImg_MedicalEmergency.T_UI_QuestImg_MedicalEmergency
294		DeckQuest_Resource_Acquisition Choice B	Our scientists and engineers can process this resource into a safe supplement. R&D requests a small series of prebiotic samples to refine the recipe they're working on.	Donate Prebiotic	/Game/Textures/FlowQuest/QuestImages/GenericQuests/T_UI_QuestImg_MedicalEmergency.T_UI_QuestImg_MedicalEmergency
295		DeckQuest_Resource_Acquisition Choice B Result	The lab completes the final test and confirms the discovery of a new stable prebiotic mix suitable for consumption. It is highly nutritious and tastes much better than what the crew had to suffer before. R&D promises to provide a recipe to the cooks soon.		/Game/Textures/FlowQuest/QuestImages/GenericQuests/T_UI_QuestImg_MedicalEmergency.T_UI_QuestImg_MedicalEmergency
296		DeckQuest_Resource_Acquisition Choice C	R&D also requests titanium, a highly durable material used in several construction projects.	Donate Titanium	/Game/Textures/FlowQuest/QuestImages/GenericQuests/T_UI_QuestImg_MedicalEmergency.T_UI_QuestImg_MedicalEmergency
297		DeckQuest_Resource_Acquisition Choice C Result	Delivered titanium allows the R&D department to improve the damage resistance of structures. They share their discovery with the Construction crew, who plan to implement the newfound improvements in the near future.		/Game/Textures/FlowQuest/QuestImages/GenericQuests/T_UI_QuestImg_MedicalEmergency.T_UI_QuestImg_MedicalEmergency
298	DeckQuest_Construction_Program	DeckQuest_Construction_Program Quest Main	R&D boasts significant progress in researching three new blueprints. However, they are able to finalize only one of the blueprints with the resources available. They ask you to decide which is the most beneficial line of research.		/Game/Textures/FlowQuest/QuestImages/GenericQuests/T_UI_QuestImg_ExplorationGeneral.T_UI_QuestImg_ExplorationGeneral
299		DeckQuest_Construction_Program Choice A	Build a production line dedicated to producing Extractor Capsules (the mining machines required for resource gathering on nearby islands and wrecks).	Confirm construction	/Game/Textures/FlowQuest/QuestImages/GenericQuests/T_UI_QuestImg_ExplorationGeneral.T_UI_QuestImg_ExplorationGeneral
300		DeckQuest_Construction_Program Choice A Result	The first test run of the new Extractor Capsule production line delivers according to the R&D's best expectations. Now the ship will have a steadier supply of Extractor Capsules and therefore a more efficient mining program.		/Game/Textures/FlowQuest/QuestImages/GenericQuests/T_UI_QuestImg_ExplorationGeneral.T_UI_QuestImg_ExplorationGeneral
301		DeckQuest_Construction_Program Choice B	Install a food synthesis bay to produce rations, easing pressure on provision consumption and preventing any impending risk of starvation.	Confirm construction	/Game/Textures/FlowQuest/QuestImages/GenericQuests/T_UI_QuestImg_ExplorationGeneral.T_UI_QuestImg_ExplorationGeneral
302		DeckQuest_Construction_Program Choice B Result	The synth bay produces a solid first batch, and Galley quickly integrates the new addition into their pipeline. As a result, there's a significant boost to the Crew morale, as the sailors are happy to find out that their food portions have increased in size.		/Game/Textures/FlowQuest/QuestImages/GenericQuests/T_UI_QuestImg_ExplorationGeneral.T_UI_QuestImg_ExplorationGeneral
303		DeckQuest_Construction_Program Choice C	Create a fuel-cell assembly bench to fabricate fuel cells for the Engine systems and power banks.	Confirm construction	/Game/Textures/FlowQuest/QuestImages/GenericQuests/T_UI_QuestImg_ExplorationGeneral.T_UI_QuestImg_ExplorationGeneral
304		DeckQuest_Construction_Program Choice C Result	The assembly bench produces its first batch of fuel cells. R&D evaluates the performance metrics from the new stack and is satisfied with the result. Now, the vessel has a lower chance of being stuck in the middle of the ocean with no energy to continue the journey.		/Game/Textures/FlowQuest/QuestImages/GenericQuests/T_UI_QuestImg_ExplorationGeneral.T_UI_QuestImg_ExplorationGeneral
305	DeckQuest_Construction_Request	DeckQuest_Construction_Request Quest Main	An R&D scientist has submitted a shortlist of deck construction projects he wants to personally supervise. He believes that observing the Worker Drone's entire construction cycle will improve the lab's blueprint-synthesis pipeline. We must choose which facility to prioritize.		/Game/Textures/FlowQuest/QuestImages/GenericQuests/T_UI_QuestImg_ExplorationGeneral.T_UI_QuestImg_ExplorationGeneral
306		DeckQuest_Construction_Request Choice A	Install a food-synthesis bay to produce rations and reduce pressure on stored provisions during long runs at sea.	Confirm construction	/Game/Textures/FlowQuest/QuestImages/GenericQuests/T_UI_QuestImg_ExplorationGeneral.T_UI_QuestImg_ExplorationGeneral
307		DeckQuest_Construction_Request Choice A Result	The scientist records calibration steps, material handling quirks, and commissioning timings. He says it was 'educational.' Meanwhile, the crew is happy to have more food on their table. Two birds with one stone.		/Game/Textures/FlowQuest/QuestImages/GenericQuests/T_UI_QuestImg_ExplorationGeneral.T_UI_QuestImg_ExplorationGeneral
308		DeckQuest_Construction_Request Choice B	Deploy a Solar Panel to capture sunlight and feed steady power into the ship's Energy system.	Confirm construction	/Game/Textures/FlowQuest/QuestImages/GenericQuests/T_UI_QuestImg_ExplorationGeneral.T_UI_QuestImg_ExplorationGeneral
309		DeckQuest_Construction_Request Choice B Result	Panels come online under clear sky, and the Engineers note an increase in stored energy on the ship. The scientist analyzes the drone's efficiency, then drafts a quick scheme of some vague improvement he promises to implement. Now you have to wait to see the fruit of that breakthrough.		/Game/Textures/FlowQuest/QuestImages/GenericQuests/T_UI_QuestImg_ExplorationGeneral.T_UI_QuestImg_ExplorationGeneral
310		DeckQuest_Construction_Request Choice C	Expand crew quarters and give the scientist a chance to study the Worker Drone close by.	Confirm construction	/Game/Textures/FlowQuest/QuestImages/GenericQuests/T_UI_QuestImg_ExplorationGeneral.T_UI_QuestImg_ExplorationGeneral
311		DeckQuest_Construction_Request Choice C Result	The scientist follows the drone and records its every step, noting the things that can be improved. He is quite satisfied with today's work and promises a significant increase in the efficiency of Worker Drones. Meanwhile, the Crew is happy to have more personal space in the quarters.		/Game/Textures/FlowQuest/QuestImages/GenericQuests/T_UI_QuestImg_ExplorationGeneral.T_UI_QuestImg_ExplorationGeneral
312	DeckQuest_Production_Enhancements	DeckQuest_Production_Enhancements Quest Main	The crew believes that the R&D department never sleeps, and you're eager to believe this myth yourself when you're approached by an R&D scientist who has three test runs planned in his head. But with only 24 hours in a day, he can only accomplish one research project. Which research should you prioritize?		/Game/Textures/FlowQuest/QuestImages/GenericQuests/T_UI_QuestImg_Emergency_Building.T_UI_QuestImg_Emergency_Building
313		DeckQuest_Production_Enhancements Choice A	Metal Construction Materials are an essential part of almost any building. Not surprisingly, one of the tests requires a decent amount of the material.	Donate Material	/Game/Textures/FlowQuest/QuestImages/GenericQuests/T_UI_QuestImg_Emergency_Building.T_UI_QuestImg_Emergency_Building
314		DeckQuest_Production_Enhancements Choice A Result	You provide the Metal Construction Material to the R&D lab, and they start busily experimenting with the new idea. They believe they can improve the flexibility of certain components thanks to a new alloy they've been testing. They share their findings with the Construction department.		/Game/Textures/FlowQuest/QuestImages/GenericQuests/T_UI_QuestImg_Emergency_Building.T_UI_QuestImg_Emergency_Building
315		DeckQuest_Production_Enhancements Choice B	One of the tests is aimed at testing the energy consumption and ways of reducing the currently inevitable loss of energy, spent by the ship's systems. For this test, the R&D wants to put the whole energy system under considerable strain. Do you approve? REQUIRED ENERGY: 300	Confirm availability	/Game/Textures/FlowQuest/QuestImages/GenericQuests/T_UI_QuestImg_Emergency_Building.T_UI_QuestImg_Emergency_Building
316		DeckQuest_Production_Enhancements Choice B Result	The R&D puts the ship's energy system through quite a test. A few times, you thought that the scientists would burn the ship's internal wiring to hell and leave you stranded in the sea. But the worst doesn't happen. And for all your stress, you receive reassurances from the R&D that they've made a breakthrough in a new blueprint.		/Game/Textures/FlowQuest/QuestImages/GenericQuests/T_UI_QuestImg_Emergency_Building.T_UI_QuestImg_Emergency_Building
317		DeckQuest_Production_Enhancements Choice C	Nanostructured Sheets are an essential part of almost any building. Not surprisingly, one of the tests requires a decent amount of the material.	Donate Material	/Game/Textures/FlowQuest/QuestImages/GenericQuests/T_UI_QuestImg_Emergency_Building.T_UI_QuestImg_Emergency_Building
318		DeckQuest_Production_Enhancements Choice C Result	The R&D eagerly accepts a batch of Nanostructured Sheets and puts their theories to the test. They find a way to reinforce the structure of the nanopolymer and claim that this research allows them to create a new construction blueprint.		/Game/Textures/FlowQuest/QuestImages/GenericQuests/T_UI_QuestImg_Emergency_Building.T_UI_QuestImg_Emergency_Building
319	DeckQuest_Resource_Request	DeckQuest_Resource_Request Quest Main	Mnemosyne reminds you of the importance of certain materials and how the lack of such materials might endanger the entire mission. The AI requests permission to create a crisis-proof plan of strategic item management and share it with the appropriate departments. But which department requires such a lecture the most?		/Game/Textures/FlowQuest/QuestImages/GenericQuests/T_UI_QuestImg_ExplorationGeneral.T_UI_QuestImg_ExplorationGeneral
320		DeckQuest_Resource_Request Choice A	Presentation line 1: Fuel Cells allow our Engine to operate and keep us on the move! PRODUCE: 2 FUEL CELLS.	Confirm Production	/Game/Textures/FlowQuest/QuestImages/GenericQuests/T_UI_QuestImg_ExplorationGeneral.T_UI_QuestImg_ExplorationGeneral
321		DeckQuest_Resource_Request Choice A Result	Mnemosyne provides a detailed briefing with graphs, rates, and failure windows on the fuel cells' usage optimization. The AI also creates a strict set of rules on how to prevent unnecessary energy loss. As a result of this lecture, the ship receives a surplus of energy that can be used to introduce a new construction prototype.		/Game/Textures/FlowQuest/QuestImages/GenericQuests/T_UI_QuestImg_ExplorationGeneral.T_UI_QuestImg_ExplorationGeneral
322		DeckQuest_Resource_Request Choice B	Presentation line 2: Anything you need finds its way into Extractor Capsules! PRODUCE: 2 EXTRACTOR CAPSULES.	Confirm Production	/Game/Textures/FlowQuest/QuestImages/GenericQuests/T_UI_QuestImg_ExplorationGeneral.T_UI_QuestImg_ExplorationGeneral
323		DeckQuest_Resource_Request Choice B Result	Mnemosyne designs a specific workshop teaching a more effective use of the Extractor Capsules. As a result, the efficiency of resource harvesting significantly improves, which allows the R&D department to design a new blueprint from the excess of materials.		/Game/Textures/FlowQuest/QuestImages/GenericQuests/T_UI_QuestImg_ExplorationGeneral.T_UI_QuestImg_ExplorationGeneral
324		DeckQuest_Resource_Request Choice C	Presentation line 3: Not the best way to fill an empty stomach, but hey! at least it's edible. PRODUCE: 5 NUTRIENT PASTE.	Confirm Production	/Game/Textures/FlowQuest/QuestImages/GenericQuests/T_UI_QuestImg_ExplorationGeneral.T_UI_QuestImg_ExplorationGeneral
325		DeckQuest_Resource_Request Choice C Result	Mnemosyne provides a detailed briefing to explain how to prevent the risk of starvation. A two-fold plan is proposed. First, new food portions are introduced. Second, clever waste recycling is offered as a way to reuse the scraps left at the end of the day. As a result, the R&D plans to introduce an updated menu with various entries made of recycled food.		/Game/Textures/FlowQuest/QuestImages/GenericQuests/T_UI_QuestImg_ExplorationGeneral.T_UI_QuestImg_ExplorationGeneral
326	BaseQuest_T_Anomaly_T4_E2	Anomaly_T4_E2 Intro	The ship's systems detect anomalous readings on this island.	Anomalous Readings	/Game/Textures/FlowQuest/QuestImages/GenericQuests/T_UI_QuestImg_Exploration.T_UI_QuestImg_Exploration
327		Anomaly_T4_E2	The island has a strong electromagnetic field that's responsible for the wide variety of local anomalies, such as pockets of gravity-related distortions and powerful spontaneous electric discharges.		/Game/Textures/FlowQuest/QuestImages/GenericQuests/T_UI_QuestImg_Exploration.T_UI_QuestImg_Exploration
328		Anomaly_T4_E2 Choice A	Set up an extensive monitoring system to study the island's electromagnetic activity.	Monitor anomalies	/Game/Textures/FlowQuest/QuestImages/GenericQuests/T_UI_QuestImg_Exploration.T_UI_QuestImg_Exploration
329		Anomaly_T4_E2 Choice A Result	At first, the unpredictable nature of anomalies and the distortions they caused in the scanning devices made it challenging to gain any useful data from the chaos of electromagnetic flashes. But eventually, the scientists managed to adapt to this shifting landscape of anomalies and improve the available data acquisition and scanning tools.		/Game/Textures/FlowQuest/QuestImages/GenericQuests/T_UI_QuestImg_Exploration.T_UI_QuestImg_Exploration
330		Anomaly_T4_E2 Choice B	Observe the anomalies from a safe distance.	Observe from a distance	/Game/Textures/FlowQuest/QuestImages/GenericQuests/T_UI_QuestImg_Exploration.T_UI_QuestImg_Exploration
331		Anomaly_T4_E2 Choice B Result	Your scientists establish a safe perimeter around the anomaly zone. By studying the behavior of local anomalies and their effects on the surrounding environment, they discover how to induce controlled versions of the anomalies' spontaneous energy spikes aboard the ship, enabling the production of a denser, higher-energy fuel.		/Game/Textures/FlowQuest/QuestImages/GenericQuests/T_UI_QuestImg_Exploration.T_UI_QuestImg_Exploration
332		Anomaly_T4_E2 Choice C	Equip the scouts with Portable Force Shields and send them to survey the area and observe the anomalies.	Send field group	/Game/Textures/FlowQuest/QuestImages/GenericQuests/T_UI_QuestImg_Exploration.T_UI_QuestImg_Exploration
333		Anomaly_T4_E2 Choice C Result	During their field trip, the scouts were caught in one of the anomalies, which suddenly engulfed them in its electromagnetic storm. Their Portable Force Shields have stopped the onslaught of energy and saved the scouts, but not without a cost. The anomaly has somehow fused the Force Shields with their bodies, modifying their muscle and skeletal tissue with an additional layer of electromagnetic field.        The scouts are currently undergoing a medical evaluation.		/Game/Textures/FlowQuest/QuestImages/GenericQuests/T_UI_QuestImg_Exploration.T_UI_QuestImg_Exploration
334	BaseQuest_T_CaveSystem_T3_E2	CaveSystem_T3_E2 Intro	A strange signal emanates from the island, leading deeper into the maze of caves. Dr. Mey confirms your suspicions that the signal is 'Primordial' in origin. You thought so, staring at the Prism and its colors reacting to some external stimulus.	Unmapped Cave System	/Game/Textures/FlowQuest/QuestImages/GenericQuests/T_UI_QuestImg_CaveSystem.T_UI_QuestImg_CaveSystem
335		CaveSystem_T3_E2	When the scouts delve deeper into the caves, a loud sound rumbles somewhere below, causing the cave walls around them to buzz with vibration. Then, the ground beneath the team cracks and tears apart, and they fall into the darkness.      Luckily, everyone is alive. They see a number of tunnels leading in different directions — they can try to find a way out or try to climb back from where they've fallen.		/Game/Textures/FlowQuest/QuestImages/GenericQuests/T_UI_QuestImg_CaveSystem.T_UI_QuestImg_CaveSystem
336		CaveSystem_T3_E2 Choice A	You have two professional cave explorers among your crew who are confident in their skills to find a way out. They want to continue with the scouting mission.	Research Deeper	/Game/Textures/FlowQuest/QuestImages/GenericQuests/T_UI_QuestImg_CaveSystem.T_UI_QuestImg_CaveSystem
337		CaveSystem_T3_E2 Choice A Result	As the scouts explore the tunnels, they stumble upon an artificially made alcove. The walls once bore some kind of engraved scripture, but what it was is now impossible to say, as someone has vandalized the structure. Nearby, the team finds Chemical Fuel and excavation tools hastily left behind.		/Game/Textures/FlowQuest/QuestImages/GenericQuests/T_UI_QuestImg_CaveSystem.T_UI_QuestImg_CaveSystem
338		CaveSystem_T3_E2 Choice B	Provide the scouts with Propulsion Kits to get out of the pit they're in.	Evacuate Scouts	/Game/Textures/FlowQuest/QuestImages/GenericQuests/T_UI_QuestImg_CaveSystem.T_UI_QuestImg_CaveSystem
339		CaveSystem_T3_E2 Choice B Result	When the scouts jetpack back to the surface, one of them shows a peculiar discovery from that crevice. An old and rusty MultiTool, human-issue. It must have been down there for decades, but how is it possible?      The answer escapes everyone.		/Game/Textures/FlowQuest/QuestImages/GenericQuests/T_UI_QuestImg_CaveSystem.T_UI_QuestImg_CaveSystem
340		CaveSystem_T3_E2 Choice C	Provide the scouts with Scanners to help them navigate the cave system.	Give Scanners	/Game/Textures/FlowQuest/QuestImages/GenericQuests/T_UI_QuestImg_CaveSystem.T_UI_QuestImg_CaveSystem
341		CaveSystem_T3_E2 Choice C Result	As the scouts successfully find their way out of the labyrinthine caves, their scanners detect a rich mineral deposit.		/Game/Textures/FlowQuest/QuestImages/GenericQuests/T_UI_QuestImg_CaveSystem.T_UI_QuestImg_CaveSystem
342	BaseQuest_T_DesertedOutpost_T3_E3	DesertedOutpost_T3_E3 Intro	A Nasobi outpost stands silently on an island. Two vessels are anchored by the shore. And yet, nothing moves. The streets are empty. Quiet, too quiet, eerily so.	Deserted Outpost	/Game/Textures/FlowQuest/QuestImages/GenericQuests/T_UI_QuestImg_ExplorationGeneral.T_UI_QuestImg_ExplorationGeneral
343		DesertedOutpost_T3_E3	The ships carry empty cages in their cargo holds. On the shore, the scouts find a trace of struggle in the streets. Several bodies of the slavemasters do a grim job of decorating the alleyways. And then, in the center of the outpost, the scouts find a large heap of rubble—some structure is buried beneath fallen rock from the cliff face looming overhead. As the scouts study the outpost, your ship's systems catch a distress signal from a human-issued lifeboat just for a brief moment before the signal disappears and doesn't repeat again.		/Game/Textures/FlowQuest/QuestImages/GenericQuests/T_UI_QuestImg_ExplorationGeneral.T_UI_QuestImg_ExplorationGeneral
344		DesertedOutpost_T3_E3 Choice A	From the layout of the outpost, it is clear that the local base of operation must be buried under all that stone.	Clear the rubble	/Game/Textures/FlowQuest/QuestImages/GenericQuests/T_UI_QuestImg_ExplorationGeneral.T_UI_QuestImg_ExplorationGeneral
345		DesertedOutpost_T3_E3 Choice A Result	The scouts unbury what little remains of the main body of the local slavemasters. Whatever personal effects or treasures had been stored inside were destroyed by the rock. However, a small human-made container and two extractors survived the damage.		/Game/Textures/FlowQuest/QuestImages/GenericQuests/T_UI_QuestImg_ExplorationGeneral.T_UI_QuestImg_ExplorationGeneral
346		DesertedOutpost_T3_E3 Choice B	In the warehouse, a considerable number of crates contain food supplies that are slowly spoiling, unused. We can load all these ingredients aboard and process them into something long-lasting.	Save food	/Game/Textures/FlowQuest/QuestImages/GenericQuests/T_UI_QuestImg_ExplorationGeneral.T_UI_QuestImg_ExplorationGeneral
347		DesertedOutpost_T3_E3 Choice B Result	The seized ingredients have been turned into Nutrient paste and Energy Bars.		/Game/Textures/FlowQuest/QuestImages/GenericQuests/T_UI_QuestImg_ExplorationGeneral.T_UI_QuestImg_ExplorationGeneral
348		DesertedOutpost_T3_E3 Choice C	That signal could be a fluke, but what if it is not?	Track down the signal	/Game/Textures/FlowQuest/QuestImages/GenericQuests/T_UI_QuestImg_ExplorationGeneral.T_UI_QuestImg_ExplorationGeneral
349		DesertedOutpost_T3_E3 Choice C Result	As you keep scanning for any signal from the elusive lifeboat, a distress signal flares nearby and gets your attention. It disappears the next second and does not repeat. But that one second was enough for your systems to pick up the location.		/Game/Textures/FlowQuest/QuestImages/GenericQuests/T_UI_QuestImg_ExplorationGeneral.T_UI_QuestImg_ExplorationGeneral
350	BaseQuest_T_DesertedOutpost_T4_E4	DesertedOutpost_T4_E4 Intro	A lonely Nasobi outpost stands on an island. As lonely towers a solitary ship over the shore. And not a sight of a single living being anywhere, not on the ship, not in the outpost.	Deserted Outpost	/Game/Textures/FlowQuest/QuestImages/GenericQuests/T_UI_QuestImg_ExplorationGeneral.T_UI_QuestImg_ExplorationGeneral
351		DesertedOutpost_T4_E4	The outpost is deserted. Many corpses lie and collect dust in the lifeless buildings. A log found by the scouts tells the following...      This was a pirate outpost, whose inhabitants died from a disease spread by "the aliens from the sky." Apparently, they found a sinking escape shuttle and looted it. The health issues began soon after, and believing that the items from the shuttle were cursed, the pirates buried them nearby. The location is marked on the map, which is incredibly difficult to read. And, in one of the buildings, heavy locked doors protect something precious to the pirates.		/Game/Textures/FlowQuest/QuestImages/GenericQuests/T_UI_QuestImg_ExplorationGeneral.T_UI_QuestImg_ExplorationGeneral
352		DesertedOutpost_T4_E4 Choice A	Blow away those heavy doors with explosives and find out what the pirates hid behind them.	Break the doors	/Game/Textures/FlowQuest/QuestImages/GenericQuests/T_UI_QuestImg_ExplorationGeneral.T_UI_QuestImg_ExplorationGeneral
353		DesertedOutpost_T4_E4 Choice A Result	The explosion damaged some of the containers stored in the warehouse, but you managed to retrieve the remaining crates with provisions and valuable resources.		/Game/Textures/FlowQuest/QuestImages/GenericQuests/T_UI_QuestImg_ExplorationGeneral.T_UI_QuestImg_ExplorationGeneral
354		DesertedOutpost_T4_E4 Choice B	Pick the lock on those heavy doors with the help of MultiTools.	Pick the lock	/Game/Textures/FlowQuest/QuestImages/GenericQuests/T_UI_QuestImg_ExplorationGeneral.T_UI_QuestImg_ExplorationGeneral
355		DesertedOutpost_T4_E4 Choice B Result	The door was trapped. Once unlocked, it set the entire building on fire. Luckily, the scouts have managed to save some of the goods stored inside.      Why the pirates chose to leave these examples of human tech by their side and not bury them with the rest of the "cursed objects" remains a mystery.		/Game/Textures/FlowQuest/QuestImages/GenericQuests/T_UI_QuestImg_ExplorationGeneral.T_UI_QuestImg_ExplorationGeneral
356		DesertedOutpost_T4_E4 Choice C	Follow the map and find what the pirates hid there.	Find the stash	/Game/Textures/FlowQuest/QuestImages/GenericQuests/T_UI_QuestImg_ExplorationGeneral.T_UI_QuestImg_ExplorationGeneral
357		DesertedOutpost_T4_E4 Choice C Result	After wandering for some time in the vicinity and digging at least three different holes before finding the stash, the scouts retrieve the cursed treasure.		/Game/Textures/FlowQuest/QuestImages/GenericQuests/T_UI_QuestImg_ExplorationGeneral.T_UI_QuestImg_ExplorationGeneral
358	BaseQuest_T_DesertedSettlement_T2_E3	DesertedSettlement_T2_E3 Intro	A cluster of squat buildings covers an island. However, you don't see any hustle and bustle so commonplace in a town of this size.	Deserted Settlement	/Game/Textures/FlowQuest/QuestImages/GenericQuests/T_UI_QuestImg_ExplorationGeneral.T_UI_QuestImg_ExplorationGeneral
359		DesertedSettlement_T2_E3	It is a deserted Nasobi mining settlement. Recently deserted, by the looks of it. Mining paraphernalia lies forsaken near the tunnel entrances, and the shabby buildings still shelter hastily forgotten trinkets in their nooks and crannies. In one such building, cages stand empty, gaping with their open doors at the scouts. Dirty plates and chains hint at the purpose of those cages. One of the scouts finds a dog tag belonging to a security officer from Zephyrus-01. To learn more, the team breaks into a slave-warden's office and finds a broken recording device.		/Game/Textures/FlowQuest/QuestImages/GenericQuests/T_UI_QuestImg_ExplorationGeneral.T_UI_QuestImg_ExplorationGeneral
360		DesertedSettlement_T2_E3 Choice A	You can break into the nearby storage that's been locked and try to find anything useful there.	Open storage	/Game/Textures/FlowQuest/QuestImages/GenericQuests/T_UI_QuestImg_ExplorationGeneral.T_UI_QuestImg_ExplorationGeneral
361		DesertedSettlement_T2_E3 Choice A Result	In the storage, you find a few crates.		/Game/Textures/FlowQuest/QuestImages/GenericQuests/T_UI_QuestImg_ExplorationGeneral.T_UI_QuestImg_ExplorationGeneral
362		DesertedSettlement_T2_E3 Choice B	Armed with scanners, you might find something useful in the area.	Comb the area	/Game/Textures/FlowQuest/QuestImages/GenericQuests/T_UI_QuestImg_ExplorationGeneral.T_UI_QuestImg_ExplorationGeneral
363		DesertedSettlement_T2_E3 Choice B Result	Thoroughly examining the area, the scouts have found a number of valuable items.		/Game/Textures/FlowQuest/QuestImages/GenericQuests/T_UI_QuestImg_ExplorationGeneral.T_UI_QuestImg_ExplorationGeneral
364		DesertedSettlement_T2_E3 Choice C	Fix the microcontrollers and the recording device to learn the fate of humans on this island.	Fix human tech	/Game/Textures/FlowQuest/QuestImages/GenericQuests/T_UI_QuestImg_ExplorationGeneral.T_UI_QuestImg_ExplorationGeneral
365		DesertedSettlement_T2_E3 Choice C Result	Once repaired, the recording device, in the ragged voice of an exhausted man, tells the story of the last days of an escape shuttle, of their lifeboat's unfortunate shipwreck due to a strange anomaly, and how the survivors were then miraculously found by a passing ship.       The recording stops there, not divulging the further fate of the shipwrecked people.		/Game/Textures/FlowQuest/QuestImages/GenericQuests/T_UI_QuestImg_ExplorationGeneral.T_UI_QuestImg_ExplorationGeneral
366	BaseQuest_T_DesertedSettlement_T4_E1	DesertedSettlement_T4_E1 Intro	A local settlement stands seemingly deserted on one of the nearby islands. However, the ship's systems detect unusual thermal readings. Perhaps it is not as deserted as it tries to seem.	Deserted Settlement	/Game/Textures/FlowQuest/QuestImages/GenericQuests/T_UI_QuestImg_ExplorationGeneral.T_UI_QuestImg_ExplorationGeneral
367		DesertedSettlement_T4_E1	A small group of human survivors, whose escape shuttle had sunk in the nearby waters, managed to reach this island. They refuse to join your crew, fatalistic to the bone and believing the sea to be far too deadly. They want to continue to hide on the island, among the ruins. They offer a trade, asking for things that should help them survive.		/Game/Textures/FlowQuest/QuestImages/GenericQuests/T_UI_QuestImg_ExplorationGeneral.T_UI_QuestImg_ExplorationGeneral
368		DesertedSettlement_T4_E1 Choice A	Supply the survivors with MultiTools that can be used in a large variety of tasks.	Provide MultiTool	/Game/Textures/FlowQuest/QuestImages/GenericQuests/T_UI_QuestImg_ExplorationGeneral.T_UI_QuestImg_ExplorationGeneral
369		DesertedSettlement_T4_E1 Choice A Result	The survivors barter a Fusion Cell in exchange for your MultiTools. They wave from the shore at your departing ship.		/Game/Textures/FlowQuest/QuestImages/GenericQuests/T_UI_QuestImg_ExplorationGeneral.T_UI_QuestImg_ExplorationGeneral
370		DesertedSettlement_T4_E1 Choice B	The risk of many health-related issues rises in the uncertain future of the survivors. MedKits should be of help.	Provide MedKit	/Game/Textures/FlowQuest/QuestImages/GenericQuests/T_UI_QuestImg_ExplorationGeneral.T_UI_QuestImg_ExplorationGeneral
371		DesertedSettlement_T4_E1 Choice B Result	The survivors are thankful for the MedKits and provide unused Cyberware that once belonged to one of their crew. They wave from the shore at your departing ship.		/Game/Textures/FlowQuest/QuestImages/GenericQuests/T_UI_QuestImg_ExplorationGeneral.T_UI_QuestImg_ExplorationGeneral
372		DesertedSettlement_T4_E1 Choice C	Portable Force Shields can protect from many external threats. The survivors are highly interested in obtaining them.	Provide PFS	/Game/Textures/FlowQuest/QuestImages/GenericQuests/T_UI_QuestImg_ExplorationGeneral.T_UI_QuestImg_ExplorationGeneral
373		DesertedSettlement_T4_E1 Choice C Result	The survivors are thankful for your donation of Portable Force Shields. In exchange, they give an AI Core salvaged from their escape shuttle. They wave from the shore at your departing ship.		/Game/Textures/FlowQuest/QuestImages/GenericQuests/T_UI_QuestImg_ExplorationGeneral.T_UI_QuestImg_ExplorationGeneral
374	BaseQuest_T_DistressCall_T2_E2	DistressCall_T2_E2 Intro	A distress call beacons your ship to this island.	Distress Call	/Game/Textures/FlowQuest/QuestImages/GenericQuests/T_UI_QuestImg_CrewEmergency.T_UI_QuestImg_CrewEmergency
375		DistressCall_T2_E2	In the forlorn ruins of a long-forgotten settlement, a small group of human scientists, stranded — their escape shuttle now part of the vast underwater expanse — has sent out a distress signal in case someone finds them. But they don't want to leave with you. What is the point when there is no way out of this planet? Instead, they want to spend the rest of their time here building a research station, in an attempt to find some of the answers they were looking for.		/Game/Textures/FlowQuest/QuestImages/GenericQuests/T_UI_QuestImg_CrewEmergency.T_UI_QuestImg_CrewEmergency
376		DistressCall_T2_E2 Choice A	The scientists have been working hard on creating a functioning farm, but it is still not finished. They are happy to receive an extra supply of food.	Provide food	/Game/Textures/FlowQuest/QuestImages/GenericQuests/T_UI_QuestImg_CrewEmergency.T_UI_QuestImg_CrewEmergency
377		DistressCall_T2_E2 Choice A Result	The scientists thank you profusely for the food donation and invite you to dine with them. They tell you about the strange ruins they built their base on. The preliminary analysis indicated the settlement was seven centuries old. Not Primordial. At first sight, quite primitive in structure. And yet, the scientists show you the relics they found during their excavations, and these were evidently functioning and rather sophisticated electronic devices: scanners or portable holodecks.      Another group in search of answers that came to Keeling?       As the Behemoth starts to leave, the scientists wave you off from the shore, slowly growing smaller as the distance between the ship and the island increases, until they are tiny dots and then disappear completely.		/Game/Textures/FlowQuest/QuestImages/GenericQuests/T_UI_QuestImg_CrewEmergency.T_UI_QuestImg_CrewEmergency
378		DistressCall_T2_E2 Choice B	The energy problem is among the most serious challenges. They are happy to receive a supply of energy resources.	Provide energy	/Game/Textures/FlowQuest/QuestImages/GenericQuests/T_UI_QuestImg_CrewEmergency.T_UI_QuestImg_CrewEmergency
379		DistressCall_T2_E2 Choice B Result	As a token of gratitude for our energy assistance, they are providing us with some of their excess equipment. As the Behemoth starts to leave, the scientists wave you off from the shore, slowly growing smaller as the distance between the ship and the island increases, until they are tiny dots and then disappear completely.		/Game/Textures/FlowQuest/QuestImages/GenericQuests/T_UI_QuestImg_CrewEmergency.T_UI_QuestImg_CrewEmergency
380		DistressCall_T2_E2 Choice C	The energy problem is among the most serious challenges. The scientists have tried to build a custom generator, but they lack the expertise in setting it up.	Build generator	/Game/Textures/FlowQuest/QuestImages/GenericQuests/T_UI_QuestImg_CrewEmergency.T_UI_QuestImg_CrewEmergency
381		DistressCall_T2_E2 Choice C Result	As a 'thank you' for our energy donation, we are rewarded with medical supplies. As the Behemoth starts to leave, the scientists wave you off from the shore, slowly growing smaller as the distance between the ship and the island increases, until they are tiny dots and then disappear completely.		/Game/Textures/FlowQuest/QuestImages/GenericQuests/T_UI_QuestImg_CrewEmergency.T_UI_QuestImg_CrewEmergency
382	BaseQuest_T_DistressCall_T3_E4	DistressCall_T3_E4 Intro	The ship's systems pick up a distress signal coming from the island.	Distress Call	/Game/Textures/FlowQuest/QuestImages/GenericQuests/T_UI_QuestImg_CrewEmergency.T_UI_QuestImg_CrewEmergency
383		DistressCall_T3_E4	A lifeboat from Zephyrus-01's escape shuttle lies stranded on the shore. It is a shelter for a few survivors.      Apparently, an unknown disease spread on their escape shuttle, affecting the nervous system of the sick, paralyzing, and then killing those unfortunate to contract the malady. The people on the island didn't want to take their chances and hijacked a lifeboat, fleeing from the disease. They ask to join your crew, but your scouts report seeing strange fits of hand tremors among the unlucky islanders. When your team points that out, the people from the lifeboat, armed with Personal Defense Kits, suddenly attack and take your scouts as hostages.		/Game/Textures/FlowQuest/QuestImages/GenericQuests/T_UI_QuestImg_CrewEmergency.T_UI_QuestImg_CrewEmergency
384		DistressCall_T3_E4 Choice A	Present the captors with "a cure" they want, laced with tranquilizers to put them asleep, and thus free the hostages.	Put to sleep	/Game/Textures/FlowQuest/QuestImages/GenericQuests/T_UI_QuestImg_CrewEmergency.T_UI_QuestImg_CrewEmergency
385		DistressCall_T3_E4 Choice A Result	As soon as the captors fall asleep, your scouts free themselves and report for further instructions. A quick discussion ensues about the fate of the attackers. While their aggressive actions warrant a punishment, their extreme circumstances must also be taken into consideration.      It is cruel to leave them here to die.      Therefore, it is decided to place the desperate survivors in cryocapsules to administer the necessary help once you have the means to do so.		/Game/Textures/FlowQuest/QuestImages/GenericQuests/T_UI_QuestImg_CrewEmergency.T_UI_QuestImg_CrewEmergency
386		DistressCall_T3_E4 Choice B	Agree to provide the sick with a thorough medical examination and treatment.	Treat	/Game/Textures/FlowQuest/QuestImages/GenericQuests/T_UI_QuestImg_CrewEmergency.T_UI_QuestImg_CrewEmergency
387		DistressCall_T3_E4 Choice B Result	The doctors manage to find the cure for this paralytic affliction and treat the sick, who join your crew.		/Game/Textures/FlowQuest/QuestImages/GenericQuests/T_UI_QuestImg_CrewEmergency.T_UI_QuestImg_CrewEmergency
388		DistressCall_T3_E4 Choice C	By creating a distraction, you might give your scouts a chance to slip away unnoticed.	Create distraction	/Game/Textures/FlowQuest/QuestImages/GenericQuests/T_UI_QuestImg_CrewEmergency.T_UI_QuestImg_CrewEmergency
389		DistressCall_T3_E4 Choice C Result	The plan works, facilitated by the deteriorating physical conditions of the captors. When a chain of explosions starts and distracts the armed strangers, the scouts jump to their feet and start running toward the recon craft.		/Game/Textures/FlowQuest/QuestImages/GenericQuests/T_UI_QuestImg_CrewEmergency.T_UI_QuestImg_CrewEmergency
390	BaseQuest_T_DistressCall_T4_E5	DistressCall_T4_E5 Intro	The ship's systems pick up a distress signal coming from the island.	Distress Call	/Game/Textures/FlowQuest/QuestImages/GenericQuests/T_UI_QuestImg_CrewEmergency.T_UI_QuestImg_CrewEmergency
391		DistressCall_T4_E5	Once your scouts reach the island, they find the crew of an escape shuttle (nowhere in sight) there in a mild state of weird frenzy. It is like everyone has lost their minds, mumbling nonsense and gesticulating madly. It is also impossible to figure out who sent the distress call, as no one can communicate reasonably anymore.		/Game/Textures/FlowQuest/QuestImages/GenericQuests/T_UI_QuestImg_CrewEmergency.T_UI_QuestImg_CrewEmergency
392		DistressCall_T4_E5 Choice A	Perhaps a quality time with other people, not plagued by the same insanity, will help these poor madmen to come to their senses.	Help socialize	/Game/Textures/FlowQuest/QuestImages/GenericQuests/T_UI_QuestImg_CrewEmergency.T_UI_QuestImg_CrewEmergency
393		DistressCall_T4_E5 Choice A Result	The interaction with your crew helps some of the survivors to find their lost reason. They continue to be somewhat restless and anxious, but the worst seems to be behind them now. They don't remember how it came to this, and they are abhorred by the sight of their fellow crew members.      They decide to join your team. The others continue their descent into madness on the island, lost at sea.		/Game/Textures/FlowQuest/QuestImages/GenericQuests/T_UI_QuestImg_CrewEmergency.T_UI_QuestImg_CrewEmergency
394		DistressCall_T4_E5 Choice B	This requires a medical intervention. Send these people to the Health Care Center.	Treat medically	/Game/Textures/FlowQuest/QuestImages/GenericQuests/T_UI_QuestImg_CrewEmergency.T_UI_QuestImg_CrewEmergency
395		DistressCall_T4_E5 Choice B Result	Only a few recover after undergoing rehabilitation at the Health Care Center. They don't remember how it came to this, and they are abhorred by the sight of their fellow crew members.      They decide to join your team. The others continue their descent into madness on their island lost at sea.		/Game/Textures/FlowQuest/QuestImages/GenericQuests/T_UI_QuestImg_CrewEmergency.T_UI_QuestImg_CrewEmergency
396		DistressCall_T4_E5 Choice C	Perhaps they need something to guide them back from their frenzy. A movie on a holodeck?	Entertain	/Game/Textures/FlowQuest/QuestImages/GenericQuests/T_UI_QuestImg_CrewEmergency.T_UI_QuestImg_CrewEmergency
397		DistressCall_T4_E5 Choice C Result	The magic of cinema works like a miracle on some of your unfortunate guests. Not everyone. Slowly, a few afflicted guests return to their senses, though not without a few lingering effects, such as general restlessness and anxiety. But the worst seems to be behind them.      They don't remember how it came to this. It's all like a bad fever dream. First, there was a despair, deep and blue like an ocean beneath, then there was the darkness of the senselessness.      They join your crew, while the others are left on the island lost at sea, to continue their descent into madness.		/Game/Textures/FlowQuest/QuestImages/GenericQuests/T_UI_QuestImg_CrewEmergency.T_UI_QuestImg_CrewEmergency
398	BaseQuest_T_SupplyBeacon_T2_E1	SupplyBeacon_T2_E1 Intro	One of the supply beacons, standard issue, floats in the waters nearby.	Supply Beacon	/Game/Textures/FlowQuest/QuestImages/GenericQuests/T_UI_QuestImg_Cargo.T_UI_QuestImg_Cargo
399		SupplyBeacon_T2_E1	The supply beacon appears to be damaged, probably due to a faulty landing. A stream of cache containers pours out of it. The situation calls for immediate reaction.		/Game/Textures/FlowQuest/QuestImages/GenericQuests/T_UI_QuestImg_Cargo.T_UI_QuestImg_Cargo
400		SupplyBeacon_T2_E1 Choice A	Fix the malfunction in the thrusters to activate them and put the supply beacon in a temporary hovering stand-by mode.	Fix thrusters	/Game/Textures/FlowQuest/QuestImages/GenericQuests/T_UI_QuestImg_Cargo.T_UI_QuestImg_Cargo
401		SupplyBeacon_T2_E1 Choice A Result	The supply beacon, propelled by its thrusters, hovers above the water. The new position prevents the remaining containers from spilling out of the beacon.		/Game/Textures/FlowQuest/QuestImages/GenericQuests/T_UI_QuestImg_Cargo.T_UI_QuestImg_Cargo
402		SupplyBeacon_T2_E1 Choice B	Patch the hole in the supply beacon and safely transport it to the ship.	Patch the hole	/Game/Textures/FlowQuest/QuestImages/GenericQuests/T_UI_QuestImg_Cargo.T_UI_QuestImg_Cargo
403		SupplyBeacon_T2_E1 Choice B Result	The scout team patches the hole in the supply beacon, preventing any more containers from slipping away into the water. Once the supply beacon is delivered to the ship, its cargo is safely retrieved.		/Game/Textures/FlowQuest/QuestImages/GenericQuests/T_UI_QuestImg_Cargo.T_UI_QuestImg_Cargo
404		SupplyBeacon_T2_E1 Choice C	Order the scouts to crack open the sinking containers and save what they can.	Open containers	/Game/Textures/FlowQuest/QuestImages/GenericQuests/T_UI_QuestImg_Cargo.T_UI_QuestImg_Cargo
405		SupplyBeacon_T2_E1 Choice C Result	The scout team manages to retrieve some of the goods from the sinking containers before they vanish below the water.		/Game/Textures/FlowQuest/QuestImages/GenericQuests/T_UI_QuestImg_Cargo.T_UI_QuestImg_Cargo
406	FateOfZephyrus_L1-V1-Q1-0A	CriticalQuest_FateOfZephyrus_L1-V1-Q1-0A_Intro			/Game/Textures/FlowQuest/QuestImages/GenericQuests/T_UI_QuestImg_ExplorationGeneral.T_UI_QuestImg_ExplorationGeneral
407		CriticalQuest_FateOfZephyrus_L1-V1-Q1-0A_Quest_Main	The likelihood of anyone surviving the spaceship's destruction is low but not zero: Zephyrus had self-propelled emergency escape pods and shuttles distributed throughout the ship for evacuation. Someone could have reached them just in time.      But what exactly could destroy Zephyrus, our most advanced and well-protected spaceship? Could the Behemoth be next? Learning more about what happened might increase the chances of survival for this ship and its crew. For that, the flight recorder and the bridge voice recorder must be retrieved.		/Game/Textures/FlowQuest/QuestImages/GenericQuests/T_UI_QuestImg_ExplorationGeneral.T_UI_QuestImg_ExplorationGeneral
408		CriticalQuest_FateOfZephyrus_L1-V1-Q1-0A_Choice_A	Harsh conditions jam the long-distance signals. To pick up the emergency signal from the escape pods, a more powerful transmitter is required.	Build a transmitter	/Game/Textures/FlowQuest/QuestImages/GenericQuests/T_UI_QuestImg_ExplorationGeneral.T_UI_QuestImg_ExplorationGeneral
409		CriticalQuest_FateOfZephyrus_L1-V1-Q1-0A_Choice_A_Result	The transmitter has picked up several signals, all heavily distorted. For now, it is unclear whether any of them belong to an escape pod, but Mnemosyne will work on finding out.		/Game/Textures/FlowQuest/QuestImages/GenericQuests/T_UI_QuestImg_ExplorationGeneral.T_UI_QuestImg_ExplorationGeneral
410		CriticalQuest_FateOfZephyrus_L1-V1-Q1-0A_Choice_B	Mnemosyne can analyze all the recorded data of the Zephyrus's destruction and predict the probable crash sites of its debris, including the pieces where the flight recorders should be contained.	Process the data	/Game/Textures/FlowQuest/QuestImages/GenericQuests/T_UI_QuestImg_ExplorationGeneral.T_UI_QuestImg_ExplorationGeneral
411		CriticalQuest_FateOfZephyrus_L1-V1-Q1-0A_Choice_B_Result	Mnemosyne's processing power is not enough to calculate all the variables and accurately predict the landing sites of both recorders. It is further complicated by the fact that the fragments of Zephyrus are still in orbit and have yet to pass through the lower atmosphere and shatter.        For now, Mnemosyne has to prioritize a more important data carrier in her limited calculations. The flight data recorder is more promising as it should have technical details of the mothership's final minutes.        The landing site should be established within two hours.		/Game/Textures/FlowQuest/QuestImages/GenericQuests/T_UI_QuestImg_ExplorationGeneral.T_UI_QuestImg_ExplorationGeneral
412	FateOfZephyrus_L1-V1-Q1-1A	CriticalQuest_FateOfZephyrus_L1-V1-Q1-1A_Intro	An escape shuttle must be somewhere on this island, as this is where its distress signal is coming from.		/Game/Textures/FlowQuest/QuestImages/GenericQuests/T_UI_QuestImg_ExplorationGeneral.T_UI_QuestImg_ExplorationGeneral
413		CriticalQuest_FateOfZephyrus_L1-V1-Q1-1A_Quest_Main	Blood, claw marks, shredded EVAs, guts, torn limbs, and more blood greet your scouts inside the escape shuttle. Something has gotten to the space refugees before you.		/Game/Textures/FlowQuest/QuestImages/GenericQuests/T_UI_QuestImg_ExplorationGeneral.T_UI_QuestImg_ExplorationGeneral
414		CriticalQuest_FateOfZephyrus_L1-V1-Q1-1A_Choice_A	Arm the scouts and send them to search the island for survivors (or their bodies).	Comb the island	/Game/Textures/FlowQuest/QuestImages/GenericQuests/T_UI_QuestImg_ExplorationGeneral.T_UI_QuestImg_ExplorationGeneral
415		CriticalQuest_FateOfZephyrus_L1-V1-Q1-1A_Choice_A_Result	Despite the lack of progress in locating people from Zephyrus, the scouts have had significant success in finding the predators, possibly responsible for attacking the escape shuttle. All they had to do was stay on the island long enough to become bait for the hungry beasts.      The ambush left two of the party severely wounded, but the team managed to fight off and retreat to the extraction point, leaving the island without discovering the fate of the survivors.		/Game/Textures/FlowQuest/QuestImages/GenericQuests/T_UI_QuestImg_ExplorationGeneral.T_UI_QuestImg_ExplorationGeneral
416		CriticalQuest_FateOfZephyrus_L1-V1-Q1-1A_Choice_B	To access the shuttle's systems, cameras, and log, your crew needs to repair the damage done by the fight that took place inside it.	Access the pod's log	/Game/Textures/FlowQuest/QuestImages/GenericQuests/T_UI_QuestImg_ExplorationGeneral.T_UI_QuestImg_ExplorationGeneral
417		CriticalQuest_FateOfZephyrus_L1-V1-Q1-1A_Choice_B_Result	The escape shuttle's log accounts for six passengers, one of them a child.      The cameras show that two passengers of the shuttle had died before the creatures attacked. They bled from their eyes and were delirious. In the end, they grew aggressive and forced other passengers to flee.      The wild beasts only ravaged the corpses and did not attack any other member of the evacuation.      That's when the scouts notice the last clue. Each escape shuttle, specifically designed for Keeling in mind, is equipped with a lifeboat in case the landing happens to be 'watering.' And such a lifeboat is currently missing from the shuttle's inventory.		/Game/Textures/FlowQuest/QuestImages/GenericQuests/T_UI_QuestImg_ExplorationGeneral.T_UI_QuestImg_ExplorationGeneral
418		CriticalQuest_FateOfZephyrus_L1-V1-Q1-1A_Choice_C			/Game/Textures/FlowQuest/QuestImages/GenericQuests/T_UI_QuestImg_ExplorationGeneral.T_UI_QuestImg_ExplorationGeneral
419		CriticalQuest_FateOfZephyrus_L1-V1-Q1-1A_Choice_C_Result			/Game/Textures/FlowQuest/QuestImages/GenericQuests/T_UI_QuestImg_ExplorationGeneral.T_UI_QuestImg_ExplorationGeneral
420	FateOfZephyrus_L1-V1-Q1-1B	CriticalQuest_FateOfZephyrus_L1-V1-Q1-1B_Intro	According to Mnemosyne's predictions, the section of the mothership containing the flight recorder should have landed on this island.		/Game/Textures/FlowQuest/QuestImages/GenericQuests/T_UI_QuestImg_ExplorationGeneral.T_UI_QuestImg_ExplorationGeneral
421		CriticalQuest_FateOfZephyrus_L1-V1-Q1-1B_Quest_Main	The scouts follow the column of smoke that echoes the trajectory of the fallen fragment. The closer they get, the more destruction they see. The blast from the impact has melted stone and banished the living elements from the location. Not a blade of grass has remained. Just pockmarks from stone-turned-shrapnel everywhere, leaving long-standing scars.      And then, a crater. A large, smoldering chunk of twisted metal lies inside. The dispatched scouts approach a burial ground of their mothership, watching it somberly — another reminder of what they have lost.		/Game/Textures/FlowQuest/QuestImages/GenericQuests/T_UI_QuestImg_ExplorationGeneral.T_UI_QuestImg_ExplorationGeneral
422		CriticalQuest_FateOfZephyrus_L1-V1-Q1-1B_Choice_A	Six hours of painstaking and careful "surgery" are required to extract the flight recorder without any risk of damaging it.	Disassemble	/Game/Textures/FlowQuest/QuestImages/GenericQuests/T_UI_QuestImg_ExplorationGeneral.T_UI_QuestImg_ExplorationGeneral
423		CriticalQuest_FateOfZephyrus_L1-V1-Q1-1B_Choice_A_Result	Slowly and carefully, like handling a bomb that is one wrong move away from detonating, the team peels off layer after layer of metal, exposing a mess of fried spaceship's innards. In the process, they manage to salvage quite a few valuable parts and components that can be useful for our survival.      Finally, after long hours of exhausting dissection, the flight data recorder is retrieved.       It appears to be intact.		/Game/Textures/FlowQuest/QuestImages/GenericQuests/T_UI_QuestImg_ExplorationGeneral.T_UI_QuestImg_ExplorationGeneral
424		CriticalQuest_FateOfZephyrus_L1-V1-Q1-1B_Choice_B	We have no time to waste on the surgical dissection. We need the answers, and we need them ASAP.	Blast through!	/Game/Textures/FlowQuest/QuestImages/GenericQuests/T_UI_QuestImg_ExplorationGeneral.T_UI_QuestImg_ExplorationGeneral
425		CriticalQuest_FateOfZephyrus_L1-V1-Q1-1B_Choice_B_Result	Tuuli, Chief Engineer, does her best to calculate the amount of explosive charges, as well as their placement, to keep the further destruction of Zephyrus's wreck under control. Despite her best efforts, all the fine elements of the spaceship that could have survived the fall are now beyond salvation.      The flight data recorder appears to have taken serious damage, too. Its integrity is compromised. It is unclear whether your team's explosive extraction techniques are to blame, but it is doubtful they have improved the situation.		/Game/Textures/FlowQuest/QuestImages/GenericQuests/T_UI_QuestImg_ExplorationGeneral.T_UI_QuestImg_ExplorationGeneral
426		CriticalQuest_FateOfZephyrus_L1-V1-Q1-1B_Choice_C			/Game/Textures/FlowQuest/QuestImages/GenericQuests/T_UI_QuestImg_ExplorationGeneral.T_UI_QuestImg_ExplorationGeneral
427		CriticalQuest_FateOfZephyrus_L1-V1-Q1-1B_Choice_C_Result			/Game/Textures/FlowQuest/QuestImages/GenericQuests/T_UI_QuestImg_ExplorationGeneral.T_UI_QuestImg_ExplorationGeneral
428	FateOfZephyrus_L1-V1-Q1-2A	CriticalQuest_FateOfZephyrus_L1-V1-Q1-2A_Intro	Repelled by the overwhelming numbers of local predators, the scouts failed to discover the fate of the survivors. It is the time to learn from our mistakes and attempt again.		/Game/Textures/FlowQuest/QuestImages/GenericQuests/T_UI_QuestImg_ExplorationGeneral.T_UI_QuestImg_ExplorationGeneral
429		CriticalQuest_FateOfZephyrus_L1-V1-Q1-2A_Quest_Main	The island is swarming with dangerous predators. And somewhere, surrounded by violent beasts, a group of survivors might still be alive. Or so many of your crew want to believe.		/Game/Textures/FlowQuest/QuestImages/GenericQuests/T_UI_QuestImg_ExplorationGeneral.T_UI_QuestImg_ExplorationGeneral
430		CriticalQuest_FateOfZephyrus_L1-V1-Q1-2A_Choice_A	The drones should not attract the unwanted attention of local predators and will therefore traverse the island more efficiently.	Send drones	/Game/Textures/FlowQuest/QuestImages/GenericQuests/T_UI_QuestImg_ExplorationGeneral.T_UI_QuestImg_ExplorationGeneral
431		CriticalQuest_FateOfZephyrus_L1-V1-Q1-2A_Choice_A_Result	As expected, the drones are of no interest to the carnivores and pass through the island without a hitch. But after hours of circling around, they find no survivors on the island, nor their remains.		/Game/Textures/FlowQuest/QuestImages/GenericQuests/T_UI_QuestImg_ExplorationGeneral.T_UI_QuestImg_ExplorationGeneral
432		CriticalQuest_FateOfZephyrus_L1-V1-Q1-2A_Choice_B	Protected by force shields, an armed group can easily dispatch the hunting packs of predators and provide the necessary aid to survivors if any are found.	Send scouts	/Game/Textures/FlowQuest/QuestImages/GenericQuests/T_UI_QuestImg_ExplorationGeneral.T_UI_QuestImg_ExplorationGeneral
433		CriticalQuest_FateOfZephyrus_L1-V1-Q1-2A_Choice_B_Result	The scouts move swiftly through the island, unhindered. Claws and fangs fail to pierce the force fields encompassing the bodies of the scouts, while the bullets find no such problem with the animal hides.  But all that bloodshed leads to nothing. Your scouts find no survivors on the island, nor their remains.		/Game/Textures/FlowQuest/QuestImages/GenericQuests/T_UI_QuestImg_ExplorationGeneral.T_UI_QuestImg_ExplorationGeneral
434	FateOfZephyrus_L1-V1-Q1-2B	CriticalQuest_FateOfZephyrus_L1-V1-Q1-2B_Intro	The lifeboat is feverishly tossed around by the legion of turbulent waves.		/Game/Textures/FlowQuest/QuestImages/GenericQuests/T_UI_QuestImg_ExplorationGeneral.T_UI_QuestImg_ExplorationGeneral
435		CriticalQuest_FateOfZephyrus_L1-V1-Q1-2B_Quest_Main	Your scouts reach the lifeboat and meet the survivors. But it is not the reunion they have been hoping for:      People on the lifeboat look horrible. Their eyes bulge in pain, rimmed by blood. Crimson tears run down and spread, like Martian deltas, on their puffed, inflamed faces.            The sickness has spread among the survivors despite their safety suits. It means your scouts are not safe either.		/Game/Textures/FlowQuest/QuestImages/GenericQuests/T_UI_QuestImg_ExplorationGeneral.T_UI_QuestImg_ExplorationGeneral
436		CriticalQuest_FateOfZephyrus_L1-V1-Q1-2B_Choice_A	Bring the survivors to the ship and provide them with all the necessary medical help.	Treat survivors	/Game/Textures/FlowQuest/QuestImages/GenericQuests/T_UI_QuestImg_ExplorationGeneral.T_UI_QuestImg_ExplorationGeneral
437		CriticalQuest_FateOfZephyrus_L1-V1-Q1-2B_Choice_A_Result	The scouts deliver shots of the omni-vaccine to the sick without much hope, as this cure only works against the known viruses. And yet, after the shots, the afflicted people seem to show general signs of improvement: less pain, less bleeding, and reduced fever.       As the scouts are about to return with the survivors, Mars Abbadie, the Head of R&D, advises you to isolate all of those people and prepare for the worst.		/Game/Textures/FlowQuest/QuestImages/GenericQuests/T_UI_QuestImg_ExplorationGeneral.T_UI_QuestImg_ExplorationGeneral
438		CriticalQuest_FateOfZephyrus_L1-V1-Q1-2B_Choice_B	Keep your scouts away from the sick and use drones to study the disease.	Study distantly	/Game/Textures/FlowQuest/QuestImages/GenericQuests/T_UI_QuestImg_ExplorationGeneral.T_UI_QuestImg_ExplorationGeneral
439		CriticalQuest_FateOfZephyrus_L1-V1-Q1-2B_Choice_B_Result	Each survivor dies in horrible agony, screaming for help you would not provide. Their blood-streaked faces, their tormented cries — you don't think you will ever be able to forget. Especially, the death throes of that child. Not your, and yet, in that suit, so reminiscent of your daughter.		/Game/Textures/FlowQuest/QuestImages/GenericQuests/T_UI_QuestImg_ExplorationGeneral.T_UI_QuestImg_ExplorationGeneral
440		CriticalQuest_FateOfZephyrus_L1-V1-Q1-2B_Choice_C			/Game/Textures/FlowQuest/QuestImages/GenericQuests/T_UI_QuestImg_ExplorationGeneral.T_UI_QuestImg_ExplorationGeneral
441		CriticalQuest_FateOfZephyrus_L1-V1-Q1-2B_Choice_C_Result			/Game/Textures/FlowQuest/QuestImages/GenericQuests/T_UI_QuestImg_ExplorationGeneral.T_UI_QuestImg_ExplorationGeneral
442	FateOfZephyrus_L1-V1-Q1-2C	CriticalQuest_FateOfZephyrus_L1-V1-Q1-2C_Intro	The fragment has sunk and now remains at the bottom of the ocean, together with the bridge voice recorder.		/Game/Textures/FlowQuest/QuestImages/GenericQuests/T_UI_QuestImg_ExplorationGeneral.T_UI_QuestImg_ExplorationGeneral
443		CriticalQuest_FateOfZephyrus_L1-V1-Q1-2C_Quest_Main	Somewhere below the waters infested with dead fish lies the bridge voice recorder entombed in fused shreds of the spacecraft.		/Game/Textures/FlowQuest/QuestImages/GenericQuests/T_UI_QuestImg_ExplorationGeneral.T_UI_QuestImg_ExplorationGeneral
444		CriticalQuest_FateOfZephyrus_L1-V1-Q1-2C_Choice_A	Only anatomically-enhanced crew members can withstand the pressure and work under those conditions.	Send divers	/Game/Textures/FlowQuest/QuestImages/GenericQuests/T_UI_QuestImg_ExplorationGeneral.T_UI_QuestImg_ExplorationGeneral
445		CriticalQuest_FateOfZephyrus_L1-V1-Q1-2C_Choice_A_Result	It takes a long time for the divers to cut through the multiple layers of metal. It is also quite a distressing job, as they report sightings of strange deep-sea fauna: ghostly shapes passing by in the distance.      When they finally retrieve the flight recorder, they are happy to leave. In the submarine, they detect something large on their radar. It is rising fast to the surface, in the direction of the ship.		/Game/Textures/FlowQuest/QuestImages/GenericQuests/T_UI_QuestImg_ExplorationGeneral.T_UI_QuestImg_ExplorationGeneral
446		CriticalQuest_FateOfZephyrus_L1-V1-Q1-2C_Choice_B	Worker drones reinforced with force shields should manage to extract the BVR, no problem.	Send drones	/Game/Textures/FlowQuest/QuestImages/GenericQuests/T_UI_QuestImg_ExplorationGeneral.T_UI_QuestImg_ExplorationGeneral
447		CriticalQuest_FateOfZephyrus_L1-V1-Q1-2C_Choice_B_Result	It takes a long time for the drones to cut through the multiple layers of metal. The submarine crew supervises the process, happy to stay inside their vessel and not be outside next to those strange luminescent shapes.      When the drones finally retrieve the flight recorder, the crew is elated to leave the depressing dark of the deep. Before they begin their way back, they detect something large on their radar.      It is rising fast to the surface, in the direction of the ship.		/Game/Textures/FlowQuest/QuestImages/GenericQuests/T_UI_QuestImg_ExplorationGeneral.T_UI_QuestImg_ExplorationGeneral
448	FateOfZephyrus_L1-V1-Q1-2D	CriticalQuest_FateOfZephyrus_L1-V1-Q1-2D_Intro	The fallen fragment of Zephyrus is the epicenter of mass destruction, surrounded by a field of dead, boiled fish bobbing on the disturbed water. It is also in the middle of the anomalous zone.		/Game/Textures/FlowQuest/QuestImages/GenericQuests/T_UI_QuestImg_ExplorationGeneral.T_UI_QuestImg_ExplorationGeneral
449		CriticalQuest_FateOfZephyrus_L1-V1-Q1-2D_Quest_Main	The scouts report malfunctions in their electronic equipment and strange sounds when using communication devices. Each crew member present in the recon craft claims to hear a melody, something from their past. It keeps ringing in their ears, at the back of their mind. Invasive. Persisting. Haunting.       The success of the extraction operation is at risk as long as the anomaly is active. But waiting might not be an option: the fragment is slowly sinking.		/Game/Textures/FlowQuest/QuestImages/GenericQuests/T_UI_QuestImg_ExplorationGeneral.T_UI_QuestImg_ExplorationGeneral
450		CriticalQuest_FateOfZephyrus_L1-V1-Q1-2D_Choice_A	The scouts believe the sounds lead them on, somewhere. It must be delirium, but… this planet is quite strange. Maybe it warrants an investigation.	Investigate the anomaly	/Game/Textures/FlowQuest/QuestImages/GenericQuests/T_UI_QuestImg_ExplorationGeneral.T_UI_QuestImg_ExplorationGeneral
451		CriticalQuest_FateOfZephyrus_L1-V1-Q1-2D_Choice_A_Result	The scouts chase the ghostly melody, looping in their heads, taunting, calling. This madness continues for a while until the scouts triumphantly report having found the Source.        The melody... it is now heard on the ship, too. The song Liora loved to listen to. It is in your head, and her voice, bright and worry-free, is so real, you turn around to find her... but she is not there. Then the melody stops. The scouts report they have found a strange artifact. It appears to be the cause of it all.        In the meantime, a large part of the sinking fragment breaks off and sinks into the bottomless dark below. The bridge voice recorder was there, too. And it is gone.		/Game/Textures/FlowQuest/QuestImages/GenericQuests/T_UI_QuestImg_ExplorationGeneral.T_UI_QuestImg_ExplorationGeneral
452		CriticalQuest_FateOfZephyrus_L1-V1-Q1-2D_Choice_B	The anomaly does not go anywhere, and meanwhile, the debris of Zephyrus is slowly sinking. We should extract the BVR while it is not too late.	Extract the BVR	/Game/Textures/FlowQuest/QuestImages/GenericQuests/T_UI_QuestImg_ExplorationGeneral.T_UI_QuestImg_ExplorationGeneral
453		CriticalQuest_FateOfZephyrus_L1-V1-Q1-2D_Choice_B_Result	Maddened by the ceaseless melody in their heads, equipped with tools that kept malfunctioning, the scouts have had quite a hard time extracting the target. And when they finally get their hands on the voice recorder, it appears damaged, too.      Not as badly as the previous recorder, though. Some of its data might be saved.		/Game/Textures/FlowQuest/QuestImages/GenericQuests/T_UI_QuestImg_ExplorationGeneral.T_UI_QuestImg_ExplorationGeneral
454		CriticalQuest_FateOfZephyrus_L1-V1-Q1-2D_Choice_C			/Game/Textures/FlowQuest/QuestImages/GenericQuests/T_UI_QuestImg_ExplorationGeneral.T_UI_QuestImg_ExplorationGeneral
455		CriticalQuest_FateOfZephyrus_L1-V1-Q1-2D_Choice_C_Result			/Game/Textures/FlowQuest/QuestImages/GenericQuests/T_UI_QuestImg_ExplorationGeneral.T_UI_QuestImg_ExplorationGeneral
456	FateOfZephyrus_L1-V1-Q1-3B	CriticalQuest_FateOfZephyrus_L1-V1-Q1-3B_Intro	The lifeboat is tossed around by the legion of turbulent waves. Radio silence greets your ship.		/Game/Textures/FlowQuest/QuestImages/GenericQuests/T_UI_QuestImg_ExplorationGeneral.T_UI_QuestImg_ExplorationGeneral
457		CriticalQuest_FateOfZephyrus_L1-V1-Q1-3B_Quest_Main	Bodies of the survivors, who are survivors no more, cover the floor of the lifeboat's only cabin. Their eyes bulge in pain, rimmed by a dried moat of blood. Crimson tears have run down and spread, like Martian deltas, on their puffed, still inflamed faces. These people have fled from horrible death in space and on the island, only to succumb to a no less cruel disease.        Among those corpses also lies the frail body of a child.       It is not Liora.		/Game/Textures/FlowQuest/QuestImages/GenericQuests/T_UI_QuestImg_ExplorationGeneral.T_UI_QuestImg_ExplorationGeneral
458		CriticalQuest_FateOfZephyrus_L1-V1-Q1-3B_Choice_A	Order scouts to take the samples for the R&D lab.	Collect samples	/Game/Textures/FlowQuest/QuestImages/GenericQuests/T_UI_QuestImg_ExplorationGeneral.T_UI_QuestImg_ExplorationGeneral
459		CriticalQuest_FateOfZephyrus_L1-V1-Q1-3B_Choice_A_Result	Having taken all the necessary precautions, the scouts extract the samples and deliver them to the R&D lab for further research.		/Game/Textures/FlowQuest/QuestImages/GenericQuests/T_UI_QuestImg_ExplorationGeneral.T_UI_QuestImg_ExplorationGeneral
460		CriticalQuest_FateOfZephyrus_L1-V1-Q1-3B_Choice_B	The examination must be conducted remotely using drones.	Study the disease	/Game/Textures/FlowQuest/QuestImages/GenericQuests/T_UI_QuestImg_ExplorationGeneral.T_UI_QuestImg_ExplorationGeneral
461		CriticalQuest_FateOfZephyrus_L1-V1-Q1-3B_Choice_B_Result	Transmitted results indicate that the virus responsible for the death of survivors is a mutated (or modified) strain of the Ebola virus disease. It appears to be much deadlier and more contagious than its Earth-based relative.		/Game/Textures/FlowQuest/QuestImages/GenericQuests/T_UI_QuestImg_ExplorationGeneral.T_UI_QuestImg_ExplorationGeneral
462		CriticalQuest_FateOfZephyrus_L1-V1-Q1-3B_Choice_C			/Game/Textures/FlowQuest/QuestImages/GenericQuests/T_UI_QuestImg_ExplorationGeneral.T_UI_QuestImg_ExplorationGeneral
463		CriticalQuest_FateOfZephyrus_L1-V1-Q1-3B_Choice_C_Result			/Game/Textures/FlowQuest/QuestImages/GenericQuests/T_UI_QuestImg_ExplorationGeneral.T_UI_QuestImg_ExplorationGeneral
464	BaseQuest_T_DistressCall_T2_E5	DistressCall_T2_E5_Intro	The ship's systems pick up a distress signal from the island.	Distress Call	/Game/Textures/FlowQuest/QuestImages/GenericQuests/T_UI_QuestImg_CrewEmergency.T_UI_QuestImg_CrewEmergency
465		DistressCall_T2_E5	An escape shuttle with survivors landed on this island. They sent a distress call immediately, wishing to be found by the Behemoth. However, the island didn't treat the newcomers with much hospitality. The survivors came in contact with some poisonous representative of the local flora. When your scouts find them, they are in a terrible state. If not helped promptly, they will die.		/Game/Textures/FlowQuest/QuestImages/GenericQuests/T_UI_QuestImg_CrewEmergency.T_UI_QuestImg_CrewEmergency
466		DistressCall_T2_E5_Choice_A	The doctors run tests on the afflicted individuals and claim that the conventional treatments won't work. They want to try to recreate localized force shields on the cellular level, thus protecting their bodies from the poison.	Experiment	/Game/Textures/FlowQuest/QuestImages/GenericQuests/T_UI_QuestImg_CrewEmergency.T_UI_QuestImg_CrewEmergency
467		DistressCall_T2_E5_Choice_A_Result	The surgical operation is a success. All of the afflicted individuals survive, thus becoming a new addition to your crew. In addition, the experiment has changed their bodies, similarly to how Cyberware implants would.		/Game/Textures/FlowQuest/QuestImages/GenericQuests/T_UI_QuestImg_CrewEmergency.T_UI_QuestImg_CrewEmergency
468		DistressCall_T2_E5_Choice_B	The doctors run tests on the afflicted individuals and claim that neither MedGel nor MedKit can help these people. They offer a temporary solution: putting them to sleep until you have the means to cure them.	Put to sleep	/Game/Textures/FlowQuest/QuestImages/GenericQuests/T_UI_QuestImg_CrewEmergency.T_UI_QuestImg_CrewEmergency
469		DistressCall_T2_E5_Choice_B_Result	You give the order to put the found survivors into cryocapsules.		/Game/Textures/FlowQuest/QuestImages/GenericQuests/T_UI_QuestImg_CrewEmergency.T_UI_QuestImg_CrewEmergency
470		DistressCall_T2_E5_Choice_C	The doctors run tests on the afflicted individuals and find that the only currently available cure is replacement of the affected stem tissue.	Cure	/Game/Textures/FlowQuest/QuestImages/GenericQuests/T_UI_QuestImg_CrewEmergency.T_UI_QuestImg_CrewEmergency
471		DistressCall_T2_E5_Choice_C_Result	The surgical operation is a total success. All of the afflicted individuals survive, thus becoming a new addition to your crew.		/Game/Textures/FlowQuest/QuestImages/GenericQuests/T_UI_QuestImg_CrewEmergency.T_UI_QuestImg_CrewEmergency
472	BaseQuest_T_SupplyBeacon_T3_E1	SupplyBeacon_T3_E1_Intro	The ship's systems pick up a signal from a supply beacon that's landed in the vicinity.	Supply Beacon	/Game/Textures/FlowQuest/QuestImages/GenericQuests/T_UI_QuestImg_Cargo.T_UI_QuestImg_Cargo
473		SupplyBeacon_T3_E1	Two supply beacons landed poorly. It wouldn't be a problem if not for the fact that one of them was transporting fuel cells whose integrity is now compromised. The fuel is leaking out, creating a dangerous scenario for spontaneous combustion and then an explosion.		/Game/Textures/FlowQuest/QuestImages/GenericQuests/T_UI_QuestImg_Cargo.T_UI_QuestImg_Cargo
474		SupplyBeacon_T3_E1_Choice_A	Send specialists who can neutralize the threat of an explosion.	Fix the problem	/Game/Textures/FlowQuest/QuestImages/GenericQuests/T_UI_QuestImg_Cargo.T_UI_QuestImg_Cargo
475		SupplyBeacon_T3_E1_Choice_A_Result	While preventing a potential explosion, the technicians fail to notice a pack of critters that, enticed by the smell coming from the compromised crates, has ravaged the food and medical supplies.		/Game/Textures/FlowQuest/QuestImages/GenericQuests/T_UI_QuestImg_Cargo.T_UI_QuestImg_Cargo
476		SupplyBeacon_T3_E1_Choice_B	Open the nearest, most easily accessible crates and take what you can.	Save what you can	/Game/Textures/FlowQuest/QuestImages/GenericQuests/T_UI_QuestImg_Cargo.T_UI_QuestImg_Cargo
477		SupplyBeacon_T3_E1_Choice_B_Result	The scouts hastily grab what they can and retreat from the beacons. A moment later, the explosion shakes the island.		/Game/Textures/FlowQuest/QuestImages/GenericQuests/T_UI_QuestImg_Cargo.T_UI_QuestImg_Cargo
478		SupplyBeacon_T3_E1_Choice_C	Remove the threat completely by sending the compromised beacon away with the help of the propulsion kits.	Remove fuel	/Game/Textures/FlowQuest/QuestImages/GenericQuests/T_UI_QuestImg_Cargo.T_UI_QuestImg_Cargo
479		SupplyBeacon_T3_E1_Choice_C_Result	The fuel-loaded beacon takes off into the sky, where it explodes. A spectacular display of fireworks.       While your crew members take the moment to watch the spectacle above, a pack of curious critters, enticed by the smell coming from the compromised crates, ravages the food and medical supplies.      The other cargo remains intact and is successfully delivered to the ship.		/Game/Textures/FlowQuest/QuestImages/GenericQuests/T_UI_QuestImg_Cargo.T_UI_QuestImg_Cargo
480	BaseQuest_T_SupplyBeacon_T3_E2	SupplyBeacon_T3_E2_Intro	The ship's systems have detected a supply beacon on this island.	Supply Beacon	/Game/Textures/FlowQuest/QuestImages/GenericQuests/T_UI_QuestImg_Cargo.T_UI_QuestImg_Cargo
481		SupplyBeacon_T3_E2	The supply beacon's thrusters malfunctioned and failed to slow down during the landing. As a result, the supply beacon crashed at high speed into the island, sustaining massive damage to its frame and cargo on impact. Its momentum carried the cargo transporter into several more collisions before it ended up near the shore. A large quantity of its containers have been scattered throughout the island, carelessly dropped during that dive-bomb landing. The rest of the cargo — different tech samples — require repairs.		/Game/Textures/FlowQuest/QuestImages/GenericQuests/T_UI_QuestImg_Cargo.T_UI_QuestImg_Cargo
482		SupplyBeacon_T3_E2_Choice_A	The containers that remain within the supply beacon contain a jumble of broken pieces of various devices. A few items can still be repaired.	Repair	/Game/Textures/FlowQuest/QuestImages/GenericQuests/T_UI_QuestImg_Cargo.T_UI_QuestImg_Cargo
483		SupplyBeacon_T3_E2_Choice_A_Result	Your people manage to repair several items and salvage valuable components.		/Game/Textures/FlowQuest/QuestImages/GenericQuests/T_UI_QuestImg_Cargo.T_UI_QuestImg_Cargo
484		SupplyBeacon_T3_E2_Choice_B	Use Basic Scanners to find the lost cargo.	Use Scanners	/Game/Textures/FlowQuest/QuestImages/GenericQuests/T_UI_QuestImg_Cargo.T_UI_QuestImg_Cargo
485		SupplyBeacon_T3_E2_Choice_B_Result	Equipped with Basic Scanners, the scouts retrieve some of the lost cargo.		/Game/Textures/FlowQuest/QuestImages/GenericQuests/T_UI_QuestImg_Cargo.T_UI_QuestImg_Cargo
486		SupplyBeacon_T3_E2_Choice_C	Send the most experienced scouts to find the lost cargo.	Send scouts	/Game/Textures/FlowQuest/QuestImages/GenericQuests/T_UI_QuestImg_Cargo.T_UI_QuestImg_Cargo
487		SupplyBeacon_T3_E2_Choice_C_Result	Searching far and wide, the scouts successfully retrieve some of the lost cargo.		/Game/Textures/FlowQuest/QuestImages/GenericQuests/T_UI_QuestImg_Cargo.T_UI_QuestImg_Cargo
488	BaseQuest_T_DesertedOutpost_T2_E1	DesertedOutpost_T2_E1_Intro	Deserted ruins rust forgotten on this island.	Deserted Outpost	/Game/Textures/FlowQuest/QuestImages/GenericQuests/T_UI_QuestImg_ExplorationGeneral.T_UI_QuestImg_ExplorationGeneral
489		DesertedOutpost_T2_E1	The scouts report that the ruins were once a mining Nasobi outpost. Its dilapidated warehouse still contains crates with materiel, mostly damaged beyond repair by now, but the scouts believe they can salvage a few things.		/Game/Textures/FlowQuest/QuestImages/GenericQuests/T_UI_QuestImg_ExplorationGeneral.T_UI_QuestImg_ExplorationGeneral
490		DesertedOutpost_T2_E1_Choice_A	The scouts have found crude automated mining machinery. It can be refashioned into Extractors.	Make extractors	/Game/Textures/FlowQuest/QuestImages/GenericQuests/T_UI_QuestImg_ExplorationGeneral.T_UI_QuestImg_ExplorationGeneral
491		DesertedOutpost_T2_E1_Choice_A_Result	Your technicians manage to repurpose the found machinery into several custom extractors. They swear the Mass Driver will not be jammed.		/Game/Textures/FlowQuest/QuestImages/GenericQuests/T_UI_QuestImg_ExplorationGeneral.T_UI_QuestImg_ExplorationGeneral
492		DesertedOutpost_T2_E1_Choice_B	The automated mining machinery ran on crude oil. We can extract and refine it for our purposes.	Extract fuel	/Game/Textures/FlowQuest/QuestImages/GenericQuests/T_UI_QuestImg_ExplorationGeneral.T_UI_QuestImg_ExplorationGeneral
493		DesertedOutpost_T2_E1_Choice_B_Result	The automated mining machinery ran on crude oil. We can extract and refine it for our purposes.		/Game/Textures/FlowQuest/QuestImages/GenericQuests/T_UI_QuestImg_ExplorationGeneral.T_UI_QuestImg_ExplorationGeneral
494		DesertedOutpost_T2_E1_Choice_C	The scouts have found many crates with spoiled food. However, it can still be recycled into Nutrient Paste.	Recycle food	/Game/Textures/FlowQuest/QuestImages/GenericQuests/T_UI_QuestImg_ExplorationGeneral.T_UI_QuestImg_ExplorationGeneral
495		DesertedOutpost_T2_E1_Choice_C_Result	All that spoiled food is delivered to the ship's galley, where it is processed into Nutrient Paste.		/Game/Textures/FlowQuest/QuestImages/GenericQuests/T_UI_QuestImg_ExplorationGeneral.T_UI_QuestImg_ExplorationGeneral
496	BaseQuest_T_DesertedOutpost_T3_E2	DesertedOutpost_T3_E2_Intro	A wide variety of animals inhabit this island. A number of your scientists volunteer to lead a research expedition to study the local fauna.	Deserted Outpost	/Game/Textures/FlowQuest/QuestImages/GenericQuests/T_UI_QuestImg_ExplorationGeneral.T_UI_QuestImg_ExplorationGeneral
497		DesertedOutpost_T3_E2	A wide variety of lizard-type creatures claim this island as their home. The Jurassic island — your scouts jokingly name the place, as they report seeing some specimens that reach two meters in height and six meters in length. These large specimens, in particular, appear to be herbivorous, and many of them bear large scars, perhaps indicating the presence of predators on the island.     As the scouts look for the promising observation spots, they notice a series of trees adorned with animal skulls. It seems that these skulls demarcate a trail into the local woods. But where to?		/Game/Textures/FlowQuest/QuestImages/GenericQuests/T_UI_QuestImg_ExplorationGeneral.T_UI_QuestImg_ExplorationGeneral
498		DesertedOutpost_T3_E2_Choice_A	Make a camouflaged blind from which your scouts could safely observe the local fauna.	Build an observation blind	/Game/Textures/FlowQuest/QuestImages/GenericQuests/T_UI_QuestImg_ExplorationGeneral.T_UI_QuestImg_ExplorationGeneral
499		DesertedOutpost_T3_E2_Choice_A_Result	The scouts spent hours in their blind, watching the large, lethargic anomodont-like lizards graze nearby. Every twenty minutes or so, these creatures would expel a heavy mist of bodily fluids from their pores into the air. And every hour, these creatures would leave the island and disappear in the water for thirty minutes before reemerging and continuing with their pasture.      For more details on the creatures, refer to the database entry on Geobranchiates.		/Game/Textures/FlowQuest/QuestImages/GenericQuests/T_UI_QuestImg_ExplorationGeneral.T_UI_QuestImg_ExplorationGeneral
500		DesertedOutpost_T3_E2_Choice_B	Find out where the skull-garlanded trees lead to.	Follow the trail	/Game/Textures/FlowQuest/QuestImages/GenericQuests/T_UI_QuestImg_ExplorationGeneral.T_UI_QuestImg_ExplorationGeneral
501		DesertedOutpost_T3_E2_Choice_B_Result	Upon closer inspection, the symbology carved on the skulls appears to coincide with Crabari's written tradition. And, indeed, as the scouts reach the end of the trail, they find a slipshod outpost with crude wickiups heavily embroidered with more bones. Next to it lies a wide, excavated area that seems to be a fighting arena — multiple dried ichor stains and mutilated carcasses, now preyed upon by vultures, cover the beaten ground.      In the camp, the scouts find a workshop full of broken weaponry, a bone gallery, and a larger lean-to where the Crabari must have slept. They also notice several trees bearing notches on their bark. The scouts spend some time in the camp, studying scrimshaw bones and the anatomy of carcasses, both local animals and a few Crabari corpses, before returning to the ship.		/Game/Textures/FlowQuest/QuestImages/GenericQuests/T_UI_QuestImg_ExplorationGeneral.T_UI_QuestImg_ExplorationGeneral
502		DesertedOutpost_T3_E2_Choice_C	Find an area with high animal activity and place cameras and sensors there.	Set up a monitoring area	/Game/Textures/FlowQuest/QuestImages/GenericQuests/T_UI_QuestImg_ExplorationGeneral.T_UI_QuestImg_ExplorationGeneral
503		DesertedOutpost_T3_E2_Choice_C_Result	The cameras provide hours of wildlife documentary footage about the large, lethargic anomodont-like lizards milling about, grazing, and sleeping. Every twenty minutes or so, these creatures would expel a heavy mist of bodily fluids from their pores into the air. And every hour, these creatures would leave the island and disappear in the water for thirty minutes before reemerging and continuing with their pasture.      For more details on the creatures, refer to the database entry on Geobranchiates.		/Game/Textures/FlowQuest/QuestImages/GenericQuests/T_UI_QuestImg_ExplorationGeneral.T_UI_QuestImg_ExplorationGeneral
504	FlyingCubeGenericEvent_01	FlyingCubeGenericEvent_01_Intro	The flying cube is impossible to ignore. It awes and calls for your attention, beckoning with the unresolved mystery of its nature, like a giant cubic question mark.		/Game/Textures/FlowQuest/QuestImages/GenericQuests/T_UI_QuestImg_ExplorationGeneral.T_UI_QuestImg_ExplorationGeneral
505		FlyingCubeGenericEvent_01_Quest_Main	The floating rock defies all logic. It does not seem to be a part of a local gravity distortion, as neither your ship nor the recon craft nor any other object except for the Cube is affected.      The entire structure is criss-crossed with holes, with the largest ones being two round horizontal shafts made of pure eldritium passing through the exact center of the Cube. These shafts are composed of rotating rings, most of which have holes of their own that disappear into the rock.      And it sings, the Cube sings! As the wind passes through each hole, a distinct melody is born. And all those holes, all those distinct melodies blend into a hauntingly beautiful symphony.		/Game/Textures/FlowQuest/QuestImages/GenericQuests/T_UI_QuestImg_ExplorationGeneral.T_UI_QuestImg_ExplorationGeneral
506		FlyingCubeGenericEvent_01_ChoiceA	Have the dispatched team thoroughly examine the structure and document their observations.	Observe the structure	/Game/Textures/FlowQuest/QuestImages/GenericQuests/T_UI_QuestImg_ExplorationGeneral.T_UI_QuestImg_ExplorationGeneral
507		FlyingCubeGenericEvent_01_ChoiceA_Result	Each ring of the shaft and each hole seems to contain Primordial script. As is the case with their writing, the text is always more than one thing. Here, it is a complex circuitry shaped like words, the sum of which tells a story.       The circuitry is dormant or out of power, its purpose unknown. As for the texts, each hole begins with different words. Tales, legends, myths, lectures, treaties on physics, history... never the same thing! But unfortunately, the scouts are unable to see the full thing, as the holes stretch into the rock and the words disappear in the darkness.		/Game/Textures/FlowQuest/QuestImages/GenericQuests/T_UI_QuestImg_ExplorationGeneral.T_UI_QuestImg_ExplorationGeneral
508		FlyingCubeGenericEvent_01_ChoiceB	The Cube contains much Eldritium, a unique metal found only on Keeling. Your crew can extract it.	Extract Eldritium	/Game/Textures/FlowQuest/QuestImages/GenericQuests/T_UI_QuestImg_ExplorationGeneral.T_UI_QuestImg_ExplorationGeneral
509		FlyingCubeGenericEvent_01_ChoiceB_Result	Mining Eldritium is not easy due to its hardness, but after a couple of exhausting hours, your team returns with a decent amount of the metal.		/Game/Textures/FlowQuest/QuestImages/GenericQuests/T_UI_QuestImg_ExplorationGeneral.T_UI_QuestImg_ExplorationGeneral
510		FlyingCubeGenericEvent_01_ChoiceC	Use the scanning equipment to study the Cube scrupulously.	Scan the structure	/Game/Textures/FlowQuest/QuestImages/GenericQuests/T_UI_QuestImg_ExplorationGeneral.T_UI_QuestImg_ExplorationGeneral
511		FlyingCubeGenericEvent_01_ChoiceC_Result	Each ring of the shaft and each hole seems to contain Primordial script. As is the case with their writing, the text is always more than one thing. Here, it is a complex circuitry shaped like words, the sum of which tells a story.      The circuitry is dormant or out of power, its purpose unknown. As for the texts, each hole begins with different words. Tales, legends, myths, lectures, treaties on physics, history... never the same thing! But even with scanners, it is impossible to entirely read any of it, as the holes stretch into the rock and the words disappear in the darkness.		/Game/Textures/FlowQuest/QuestImages/GenericQuests/T_UI_QuestImg_ExplorationGeneral.T_UI_QuestImg_ExplorationGeneral
512	FlyingCubeGenericEvent_02	FlyingCubeGenericEvent_02_Intro	The flying cube is impossible to ignore. It awes and calls for your attention, beckoning with the unresolved mystery of its nature, like a giant cubic question mark.		
513		FlyingCubeGenericEvent_02_Quest_Main	The floating rock defies all logic. It does not seem to be a part of a local gravity distortion, as neither your ship nor the recon craft nor any other object except for the Cube is affected.      The entire structure is criss-crossed with holes, with the largest ones being two round horizontal shafts made of pure eldritium passing through the exact center of the Cube. These shafts are composed of rotating rings, most of which have holes of their own that disappear into the rock.      And it sings, the Cube sings! As the wind passes through each hole, a distinct melody is born. And all those holes, all those distinct melodies blend into a hauntingly beautiful symphony.		
514		FlyingCubeGenericEvent_02_ChoiceA	Have the dispatched team thoroughly examine the structure and document their observations.	Observe the structure	
515		FlyingCubeGenericEvent_02_ChoiceA_Result	Each ring of the shaft and each hole seems to contain Primordial script. As is the case with their writing, the text is always more than one thing. Here, it is a complex circuitry shaped like words, the sum of which tells a story.       The circuitry is dormant or out of power, its purpose unknown. As for the texts, each hole begins with different words. Tales, legends, myths, lectures, treaties on physics, history... never the same thing! But unfortunately, the scouts are unable to see the full thing, as the holes stretch into the rock and the words disappear in the darkness.		
516		FlyingCubeGenericEvent_02_ChoiceB	The Cube contains much Eldritium, a unique metal found only on Keeling. Your crew can extract it.	Extract Eldritium	
517		FlyingCubeGenericEvent_02_ChoiceB_Result	Mining Eldritium is not easy due to its hardness, but after a couple of exhausting hours, your team returns with a decent amount of the metal.		
518		FlyingCubeGenericEvent_02_ChoiceC	Use the scanning equipment to study the Cube scrupulously.	Scan the structure	
519		FlyingCubeGenericEvent_02_ChoiceC_Result	Each ring of the shaft and each hole seems to contain Primordial script. As is the case with their writing, the text is always more than one thing. Here, it is a complex circuitry shaped like words, the sum of which tells a story.      The circuitry is dormant or out of power, its purpose unknown. As for the texts, each hole begins with different words. Tales, legends, myths, lectures, treaties on physics, history... never the same thing! Considering the sheer volume of data, the Cube appears to be a library. But even with tricoders, it is impossible to read any of the passages entirely, as the holes extend far into the rock beyond your best scanning devices' reach. Even so, there's plenty to wrap one's head around, and your scientists document as much as they can.		
520	GiantGenericEvent_01	GiantGenericEvent_01_Intro	A colossal, awe-inspiring figure towers above the ship. It looks like a giant apparition that should disappear in the blink of an eye. Impossible, too enormous to be true. And yet it refuses to dissipate like a mirage; and yet it stands.		/Game/Textures/FlowQuest/QuestImages/GenericQuests/T_UI_QuestImg_ExplorationGeneral.T_UI_QuestImg_ExplorationGeneral
521		GiantGenericEvent_01_Quest_Main	The statue stands on a pillar, carved from the crown of a naturally formed rock, and holds a trident. It is hollow inside, and the inner walls are covered in Primordial writing. Up above, somewhere at the chest level of the statue, a stone stele hovers in the air, indifferent to gravity. It is adorned with scars from erosion, moss, and two panels with abraded, almost erased, symbols of Primordial origin.		/Game/Textures/FlowQuest/QuestImages/GenericQuests/T_UI_QuestImg_ExplorationGeneral.T_UI_QuestImg_ExplorationGeneral
522		GiantGenericEvent_01_ChoiseA	Don't touch the stele. Have your team study the writing and learn more about this statue's purpose.	Study the writing	/Game/Textures/FlowQuest/QuestImages/GenericQuests/T_UI_QuestImg_ExplorationGeneral.T_UI_QuestImg_ExplorationGeneral
523		GiantGenericEvent_01_ChoiseA_Result	The writing primarily focuses on the topic of the hero's journey. It also includes a few myths and stories from various cultures, including those from your home planet, Earth. In addition, all those carefully carved letters contain dormant circuitry of unknown purpose. Is this statue not just a giant art piece but something more: a machine?      Then, when your people have completed their examination of the writing and raise their heads to look at the stele, it is gone.		/Game/Textures/FlowQuest/QuestImages/GenericQuests/T_UI_QuestImg_ExplorationGeneral.T_UI_QuestImg_ExplorationGeneral
524		GiantGenericEvent_01_ChoiseB	One of the panels can be roughly translated as "courage."	Press "Courage"	/Game/Textures/FlowQuest/QuestImages/GenericQuests/T_UI_QuestImg_ExplorationGeneral.T_UI_QuestImg_ExplorationGeneral
525		GiantGenericEvent_01_ChoiseB_Result	Upon touching the panel, the word suddenly pulses with a glow. And so does every sentence carved on the inner walls of this statue, every single word glows except for the one from another panel on the stele — the one you didn't choose.       A vibration passes through the colossus, blowing the clouds of dust off the forgotten stone. And then, the glow fades, and silence returns. In that silence, a foreboding feeling of change, of something on the horizon, of something coming this way, begins to haunt every crew member of BCEV-07M.		/Game/Textures/FlowQuest/QuestImages/GenericQuests/T_UI_QuestImg_ExplorationGeneral.T_UI_QuestImg_ExplorationGeneral
526		GiantGenericEvent_01_ChoiseC	One of the panels can be roughly translated as "intuition" or "foresight."	Press "Intuition"	/Game/Textures/FlowQuest/QuestImages/GenericQuests/T_UI_QuestImg_ExplorationGeneral.T_UI_QuestImg_ExplorationGeneral
527		GiantGenericEvent_01_ChoiseC_Result	Upon touching the panel, the word suddenly pulses with a glow. And so does every sentence carved on the inner walls of this statue, every single word glows except for the one from another panel on the stele — the one you didn't choose.       A vibration passes through the colossus, blowing the clouds of dust off the forgotten stone. And then, the glow fades, and silence returns. In that silence, a foreboding feeling of change, of something on the horizon, of something coming this way, begins to haunt every crew member of BCEV-07M.		/Game/Textures/FlowQuest/QuestImages/GenericQuests/T_UI_QuestImg_ExplorationGeneral.T_UI_QuestImg_ExplorationGeneral
528	OnionGenericEvent_01	MegafloraResearch_01_Intro	A tall rocky pillar rises from the sea, covered in long green drapes of dense vines that spread like tentacles in the water around the stone. You could almost confuse it with a giant squid about to jump out of the water.		/Game/Textures/FlowQuest/QuestImages/GenericQuests/T_UI_QuestImg_CaveSystem.T_UI_QuestImg_CaveSystem
529		MegafloraResearch_01_Quest_Main	The scouts report that this rock pillar is not a visible part of some larger underwater ridge. It does not stand on anything: it floats! And it does not sink despite its density and size. While it is not the strangest occurrence on Keeling, where you've already seen flying islands, this particular case does not appear to be related to a gravity anomaly. Instead, the secret of buoyancy lies within the lush greenery wrapped around the rock.		/Game/Textures/FlowQuest/QuestImages/GenericQuests/T_UI_QuestImg_CaveSystem.T_UI_QuestImg_CaveSystem
530		MegafloraResearch_01_ChoiseA	Send the team to carefully extract samples from the plant.	Collect samples	/Game/Textures/FlowQuest/QuestImages/GenericQuests/T_UI_QuestImg_CaveSystem.T_UI_QuestImg_CaveSystem
531		MegafloraResearch_01_ChoiseA_Result	The vines are clearly parasitic: their tendrils penetrate the rock and spread throughout. After closer examination, the crew discovers that the plant is bloated with self-produced gas and a host of spores. By entering the rock and spreading, filling it with gaseous offshoots, the vines work like a giant airbag.       The scouts also report that the plant is edible, and harvest a few samples.		/Game/Textures/FlowQuest/QuestImages/GenericQuests/T_UI_QuestImg_CaveSystem.T_UI_QuestImg_CaveSystem
532		MegafloraResearch_01_ChoiseB	Have your team focus on the pillar, drilling and mining it for resources.	Mine from the pillar	/Game/Textures/FlowQuest/QuestImages/GenericQuests/T_UI_QuestImg_CaveSystem.T_UI_QuestImg_CaveSystem
533		MegafloraResearch_01_ChoiseB_Result	As your team mines the rock for resources, they are continually amazed by how far the plant's tendrils extend into the stone. And there is the answer to how the pillar floats: the plant is bloated with self-produced gas. By entering the rock and spreading around, filling it with gaseous offshoots, the vines work like a giant airbag.		/Game/Textures/FlowQuest/QuestImages/GenericQuests/T_UI_QuestImg_CaveSystem.T_UI_QuestImg_CaveSystem
534		MegafloraResearch_01_ChoiseC	Chemically decompose the plant for scientific purposes and to extract anything of value.	Decompose the plant	/Game/Textures/FlowQuest/QuestImages/GenericQuests/T_UI_QuestImg_CaveSystem.T_UI_QuestImg_CaveSystem
535		MegafloraResearch_01_ChoiseC_Result	The vines are clearly parasitic: their tendrils penetrate the rock and spread throughout. After closer examination, the crew discovers that the plant is bloated with self-produced gas and a host of spores. By entering the rock and spreading, filling it with gaseous offshoots, the vines work like a giant airbag.       The chemical analysis shows that the plant is largely edible.		/Game/Textures/FlowQuest/QuestImages/GenericQuests/T_UI_QuestImg_CaveSystem.T_UI_QuestImg_CaveSystem
536	ZephyrusDebrisGenericEvent_01	ZephyrusDebrisGenericEvent_01_Intro	In the waters, forcefully distilled on impact, rests a large fragment of Zephyrus.		/Game/Textures/FlowQuest/QuestImages/GenericQuests/T_UI_QuestImg_ExplorationGeneral.T_UI_QuestImg_ExplorationGeneral
537		ZephyrusDebrisGenericEvent_01_Quest_Main	A dark rainbow of spilled fuel spreads around the wreckage. The scouts find the source of the leakage in an automated section that produced extractors. With the right materials, your crew can build new extractors from the available scrap or save some of the fuel before it is drained into the ocean.      Or you can have your crew focus on investigating this extractor-production chain and learn from its design.		/Game/Textures/FlowQuest/QuestImages/GenericQuests/T_UI_QuestImg_CrewEmergency.T_UI_QuestImg_CrewEmergency
538		ZephyrusDebrisGenericEvent_01_ChoiseA	Send engineers to study the fragment (its structure, design, and function) to implement this knowledge as a basis for BCEV-07M's upgrade.	Study the fragment	/Game/Textures/FlowQuest/QuestImages/GenericQuests/T_UI_QuestImg_CrewEmergency.T_UI_QuestImg_CrewEmergency
539		ZephyrusDebrisGenericEvent_01_ChoiseA_Result	The R&D lab has a few ideas on how to implement the newly acquired knowledge for the benefit of the ship.		/Game/Textures/FlowQuest/QuestImages/GenericQuests/T_UI_QuestImg_CrewEmergency.T_UI_QuestImg_CrewEmergency
540		ZephyrusDebrisGenericEvent_01_ChoiseB	Resource extractors were developed in this section of the ship. You can finish what was started here.	Mend Extractors	/Game/Textures/FlowQuest/QuestImages/GenericQuests/T_UI_QuestImg_CrewEmergency.T_UI_QuestImg_CrewEmergency
541		ZephyrusDebrisGenericEvent_01_ChoiseB_Result	Your people put together several extractors from the components available within the wreckage.		/Game/Textures/FlowQuest/QuestImages/GenericQuests/T_UI_QuestImg_CrewEmergency.T_UI_QuestImg_CrewEmergency
542		ZephyrusDebrisGenericEvent_01_ChoiseC	The fuel is washed away into the ocean. What a waste!—you can find a better use for it than fish poison.	Extract Fuel	/Game/Textures/FlowQuest/QuestImages/GenericQuests/T_UI_QuestImg_CrewEmergency.T_UI_QuestImg_CrewEmergency
543		ZephyrusDebrisGenericEvent_01_ChoiseC_Result	Your people create new containers for the fuel and fill them with what has not yet escaped into the ocean.		/Game/Textures/FlowQuest/QuestImages/GenericQuests/T_UI_QuestImg_CrewEmergency.T_UI_QuestImg_CrewEmergency
544	ZephyrusDebrisGenericEvent_02	ZephyrusDebrisGenericEvent_02_Intro	Another fragment of Zephyrus, compelled by gravity, has ended up in the waters of Keeling.		/Game/Textures/FlowQuest/QuestImages/GenericQuests/T_UI_QuestImg_CrewEmergency.T_UI_QuestImg_CrewEmergency
545		ZephyrusDebrisGenericEvent_02_Quest_Main	The scouts find a number of smashed escape pods within the wreckage. It seems to have been a part of one of the emergency bays.		/Game/Textures/FlowQuest/QuestImages/GenericQuests/T_UI_QuestImg_CrewEmergency.T_UI_QuestImg_CrewEmergency
546		ZephyrusDebrisGenericEvent_02_ChoiseA	Send engineers to study the fragment (its structure, design, and function) to implement this knowledge as a basis for BCEV-07M's upgrade.	Study the fragment	/Game/Textures/FlowQuest/QuestImages/GenericQuests/T_UI_QuestImg_CrewEmergency.T_UI_QuestImg_CrewEmergency
547		ZephyrusDebrisGenericEvent_02_ChoiseA_Result	The R&D lab has a few ideas on how to implement the newly acquired knowledge for the benefit of the ship.		/Game/Textures/FlowQuest/QuestImages/GenericQuests/T_UI_QuestImg_CrewEmergency.T_UI_QuestImg_CrewEmergency
548		ZephyrusDebrisGenericEvent_02_ChoiseB	The escape pods are inoperable and beyond salvation, but separate parts can be salvaged.	Take apart lifepods	/Game/Textures/FlowQuest/QuestImages/GenericQuests/T_UI_QuestImg_CrewEmergency.T_UI_QuestImg_CrewEmergency
549		ZephyrusDebrisGenericEvent_02_ChoiseB_Result	Your people return with a rich haul of useful items.		/Game/Textures/FlowQuest/QuestImages/GenericQuests/T_UI_QuestImg_CrewEmergency.T_UI_QuestImg_CrewEmergency
550		ZephyrusDebrisGenericEvent_02_ChoiseC	All escape pods are fitted with the equipment required for survival and navigation. Some of those items can be fixed.	Fix equipment	/Game/Textures/FlowQuest/QuestImages/GenericQuests/T_UI_QuestImg_CrewEmergency.T_UI_QuestImg_CrewEmergency
551		ZephyrusDebrisGenericEvent_02_ChoiseC_Result	Your people return with a rich haul of useful items.		/Game/Textures/FlowQuest/QuestImages/GenericQuests/T_UI_QuestImg_CrewEmergency.T_UI_QuestImg_CrewEmergency
552	ZephyrusDebrisGenericEvent_03	ZephyrusDebrisGenericEvent_03_Intro	This is the penultimate destination of another fragment of Zephyrus, before it sinks to the bottom of the ocean.		/Game/Textures/FlowQuest/QuestImages/GenericQuests/T_UI_QuestImg_ExplorationGeneral.T_UI_QuestImg_ExplorationGeneral
553		ZephyrusDebrisGenericEvent_03_Quest_Main	The scouts infiltrate the ruined section of Zephyrus and find an automated food production chain. Strangely enough, this section has withstood all the damage and managed to preserve a certain level of integrity, so much so that your crew believes they can fix the production chain and get a few crates of supplies made. Alternatively, you can try to save food components that haven't gone stale yet.      Or you can have your people focus on investigating this food production chain and learn from its design.		/Game/Textures/FlowQuest/QuestImages/GenericQuests/T_UI_QuestImg_CrewEmergency.T_UI_QuestImg_CrewEmergency
554		ZephyrusDebrisGenericEvent_03_ChoiseA	Send engineers to study the fragment (its structure, design, and function) to implement this knowledge as a basis for BCEV-07M's upgrade.	Study the fragment	/Game/Textures/FlowQuest/QuestImages/GenericQuests/T_UI_QuestImg_CrewEmergency.T_UI_QuestImg_CrewEmergency
555		ZephyrusDebrisGenericEvent_03_ChoiseA_Result	The R&D lab has a few ideas on how to implement the newly acquired knowledge for the benefit of the ship.		/Game/Textures/FlowQuest/QuestImages/GenericQuests/T_UI_QuestImg_CrewEmergency.T_UI_QuestImg_CrewEmergency
556		ZephyrusDebrisGenericEvent_03_ChoiseB	The automated food production chain specializes in assembling nutritious meals. You can temporarily make it work and get your dinner.	Produce meals	/Game/Textures/FlowQuest/QuestImages/GenericQuests/T_UI_QuestImg_CrewEmergency.T_UI_QuestImg_CrewEmergency
557		ZephyrusDebrisGenericEvent_03_ChoiseB_Result	The crew nostalgically commends the last meal of Zephyrus, claiming it tastes better than the same thing cooked on the ship.		/Game/Textures/FlowQuest/QuestImages/GenericQuests/T_UI_QuestImg_CrewEmergency.T_UI_QuestImg_CrewEmergency
558		ZephyrusDebrisGenericEvent_03_ChoiseC	You can extract food supplies from the cooking machinery and store them on the ship.	Save food	/Game/Textures/FlowQuest/QuestImages/GenericQuests/T_UI_QuestImg_CrewEmergency.T_UI_QuestImg_CrewEmergency
559		ZephyrusDebrisGenericEvent_03_ChoiseC_Result	The galley receives the final delivery of food from Zephyrus.		/Game/Textures/FlowQuest/QuestImages/GenericQuests/T_UI_QuestImg_CrewEmergency.T_UI_QuestImg_CrewEmergency
560	ZephyrusDebrisGenericEvent_04	ZephyrusDebrisGenericEvent_04_Intro	Flotsam from space: another piece of Zephyrus is in the vicinity of your ship.		/Game/Textures/FlowQuest/QuestImages/GenericQuests/T_UI_QuestImg_ExplorationGeneral.T_UI_QuestImg_ExplorationGeneral
561		ZephyrusDebrisGenericEvent_04_Quest_Main	The scouts reach the fragment and find two promising sections where something useful could have survived the landing. There is a rather well-preserved section currently on lockdown. To override the lockdown, you must power up the AI control unit and give the necessary command. Another section has detached and sunk, but your people can make an improvised diving bell to reach it.      Alternatively, a quick basic search of the easily accessible zones of the fallen fragment with scanners might be rewarding just as much as any of the other options.		/Game/Textures/FlowQuest/QuestImages/GenericQuests/T_UI_QuestImg_CrewEmergency.T_UI_QuestImg_CrewEmergency
562		ZephyrusDebrisGenericEvent_04_ChoiseA	Have your scouts do a quick, superficial scan of the area to see if they can find something easily available.	Do a quick search	/Game/Textures/FlowQuest/QuestImages/GenericQuests/T_UI_QuestImg_CrewEmergency.T_UI_QuestImg_CrewEmergency
563		ZephyrusDebrisGenericEvent_04_ChoiseA_Result	The scouts find a bunch of medical supplies during their search.		/Game/Textures/FlowQuest/QuestImages/GenericQuests/T_UI_QuestImg_CrewEmergency.T_UI_QuestImg_CrewEmergency
564		ZephyrusDebrisGenericEvent_04_ChoiseB	Have your scouts create a diving bell and reach the already sunken fragment of Zephyrus.	Reach the sunken part	/Game/Textures/FlowQuest/QuestImages/GenericQuests/T_UI_QuestImg_CrewEmergency.T_UI_QuestImg_CrewEmergency
565		ZephyrusDebrisGenericEvent_04_ChoiseB_Result	The scouts retrieve a rich haul from the ocean bottom.		/Game/Textures/FlowQuest/QuestImages/GenericQuests/T_UI_QuestImg_CrewEmergency.T_UI_QuestImg_CrewEmergency
566		ZephyrusDebrisGenericEvent_04_ChoiseC	Have your scouts get into the section on lockdown.	Override the lockdown	/Game/Textures/FlowQuest/QuestImages/GenericQuests/T_UI_QuestImg_CrewEmergency.T_UI_QuestImg_CrewEmergency
567		ZephyrusDebrisGenericEvent_04_ChoiseC_Result	The AI recognizes your people and unlocks the section with all its valuables for them.		/Game/Textures/FlowQuest/QuestImages/GenericQuests/T_UI_QuestImg_CrewEmergency.T_UI_QuestImg_CrewEmergency
568	ZephyrusDebrisGenericEvent_05	ZephyrusDebrisGenericEvent_05_Intro	Your ship comes across one of many pieces of Zephyrus.		/Game/Textures/FlowQuest/QuestImages/GenericQuests/T_UI_QuestImg_CrewEmergency.T_UI_QuestImg_CrewEmergency
569		ZephyrusDebrisGenericEvent_05_Quest_Main	The fragment is large and, after so much damage, twisted and confusing. It will take time to examine the entire thing, but who knows what souvenirs can be found there.		/Game/Textures/FlowQuest/QuestImages/GenericQuests/T_UI_QuestImg_CrewEmergency.T_UI_QuestImg_CrewEmergency
570		ZephyrusDebrisGenericEvent_05_ChoiseA	The scouts find a battered automated medical dispenser. If fixed, it might give up some of the meds it contains.	Fix the meds dispenser	/Game/Textures/FlowQuest/QuestImages/GenericQuests/T_UI_QuestImg_CrewEmergency.T_UI_QuestImg_CrewEmergency
571		ZephyrusDebrisGenericEvent_05_ChoiseA_Result	The dispenser does the only thing it knows. It dispenses the meds to your people, and many lives might be saved now.		/Game/Textures/FlowQuest/QuestImages/GenericQuests/T_UI_QuestImg_CrewEmergency.T_UI_QuestImg_CrewEmergency
572		ZephyrusDebrisGenericEvent_05_ChoiseB	Equip the scouts with sensors arrays and have them thoroughly investigate this fragment.	Search the whole fragment	/Game/Textures/FlowQuest/QuestImages/GenericQuests/T_UI_QuestImg_CrewEmergency.T_UI_QuestImg_CrewEmergency
573		ZephyrusDebrisGenericEvent_05_ChoiseB_Result	The crooked hallways full of debris and destruction occasionally surprise with the remains of people. And it is not the bodies or gore, but personal items and trinkets that remind just how many once walked these hallways.      The scouts have to ignore these reminders and focus on the mission, retrieving a number of undamaged goods.		/Game/Textures/FlowQuest/QuestImages/GenericQuests/T_UI_QuestImg_CrewEmergency.T_UI_QuestImg_CrewEmergency
574		ZephyrusDebrisGenericEvent_05_ChoiseC	The scouts have found and gathered a collection of damaged goods that can be repaired if the right materials are available.	Fix the found equipment	/Game/Textures/FlowQuest/QuestImages/GenericQuests/T_UI_QuestImg_CrewEmergency.T_UI_QuestImg_CrewEmergency
575		ZephyrusDebrisGenericEvent_05_ChoiseC_Result	The scouts bring the mended equipment to the ship.		/Game/Textures/FlowQuest/QuestImages/GenericQuests/T_UI_QuestImg_CrewEmergency.T_UI_QuestImg_CrewEmergency
576	ZephyrusDebrisGenericEvent_06	ZephyrusDebrisGenericEvent_06_Intro	A tragic fragment of Zephyrus shows up from the water, for now resisting the call of the deep and staying afloat.		/Game/Textures/FlowQuest/QuestImages/GenericQuests/T_UI_QuestImg_CrewEmergency.T_UI_QuestImg_CrewEmergency
577		ZephyrusDebrisGenericEvent_06_Quest_Main	The scouts find one of many cracks within the ruined spaceship's hull and enter the structure.       They find the remains of a reserve reactor and a section of Zephyrus protected by the working AI control unit and alarm system, which are not friendly to anyone without a necessary clearance level. Mnemosyne claims that there should have been an experimental lab nearby, but apparently, it broke off and sank prior to your arrival.		/Game/Textures/FlowQuest/QuestImages/GenericQuests/T_UI_QuestImg_CrewEmergency.T_UI_QuestImg_CrewEmergency
578		ZephyrusDebrisGenericEvent_06_ChoiseA	The lab is deep enough to require a diving bell. Moreover, the ship's systems detect anomalous thermal readings. For the scouts to be safe down there, you need a reinforced diving bell.	Reach the sunken part	/Game/Textures/FlowQuest/QuestImages/GenericQuests/T_UI_QuestImg_CrewEmergency.T_UI_QuestImg_CrewEmergency
579		ZephyrusDebrisGenericEvent_06_ChoiseA_Result	The tech voxel transforms itself into a diving bell, able to withstand both the pressure and any prowling predator-fish. The scouts reach the sunken lab and retrieve its contents.		/Game/Textures/FlowQuest/QuestImages/GenericQuests/T_UI_QuestImg_CrewEmergency.T_UI_QuestImg_CrewEmergency
580		ZephyrusDebrisGenericEvent_06_ChoiseB	The AI control unit still operates on the fragment, and it won't let your scouts into the locked-down section. Only the captain has the high enough clearance to bypass the lockdown.	Override the lockdown	/Game/Textures/FlowQuest/QuestImages/GenericQuests/T_UI_QuestImg_CrewEmergency.T_UI_QuestImg_CrewEmergency
581		ZephyrusDebrisGenericEvent_06_ChoiseB_Result	You give the command through the comm link to the AI and use your rank to override the lockdown, allowing scouts to proceed and retrieve valuable goods.		/Game/Textures/FlowQuest/QuestImages/GenericQuests/T_UI_QuestImg_CrewEmergency.T_UI_QuestImg_CrewEmergency
582		ZephyrusDebrisGenericEvent_06_ChoiseC	One of the reserve reactors is a part of the fragment. Its fuel core has survived the fall and can be salvaged.	Salvage fuel	/Game/Textures/FlowQuest/QuestImages/GenericQuests/T_UI_QuestImg_CrewEmergency.T_UI_QuestImg_CrewEmergency
583		ZephyrusDebrisGenericEvent_06_ChoiseC_Result	The scouts retrieve the power source from the reactor and bring to the ship.		/Game/Textures/FlowQuest/QuestImages/GenericQuests/T_UI_QuestImg_CrewEmergency.T_UI_QuestImg_CrewEmergency
584	ZephyrusDebrisGenericEvent_07	ZephyrusDebrisGenericEvent_07_Intro	A small fragment of the mothership looks gargantuan next to the Behemoth. It has not yet sunk beneath the waves, and you can find perhaps something of value there.		/Game/Textures/FlowQuest/QuestImages/GenericQuests/T_UI_QuestImg_CrewEmergency.T_UI_QuestImg_CrewEmergency
585		ZephyrusDebrisGenericEvent_07_Quest_Main	The scouts breach the fragment and report having found one of the reserve reactors, whose fuel core can still be salvaged, and the experimental lab on fire. Another section of the wreckage is a mess of fused metal, but perhaps a deep scan from a tricoder can help determine whether anything valuable and worth saving is still hidden somewhere inside.		/Game/Textures/FlowQuest/QuestImages/GenericQuests/T_UI_QuestImg_CrewEmergency.T_UI_QuestImg_CrewEmergency
586		ZephyrusDebrisGenericEvent_07_ChoiseA	One of the reserve reactors is a part of the fragment. Its fuel core has survived the fall and can be salvaged.	Salvage fuel	/Game/Textures/FlowQuest/QuestImages/GenericQuests/T_UI_QuestImg_CrewEmergency.T_UI_QuestImg_CrewEmergency
587		ZephyrusDebrisGenericEvent_07_ChoiseA_Result	The scouts retrieve the power source from the reactor and bring it to the ship.		/Game/Textures/FlowQuest/QuestImages/GenericQuests/T_UI_QuestImg_CrewEmergency.T_UI_QuestImg_CrewEmergency
588		ZephyrusDebrisGenericEvent_07_ChoiseB	Equipped with portable force shields, the scouts can ignore the fire and retrieve the research from the lab.	Save research from fire	/Game/Textures/FlowQuest/QuestImages/GenericQuests/T_UI_QuestImg_CrewEmergency.T_UI_QuestImg_CrewEmergency
589		ZephyrusDebrisGenericEvent_07_ChoiseB_Result	The scouts return from the fire unscathed and with treasures of human ingenuity developed in the lab.		/Game/Textures/FlowQuest/QuestImages/GenericQuests/T_UI_QuestImg_CrewEmergency.T_UI_QuestImg_CrewEmergency
590		ZephyrusDebrisGenericEvent_07_ChoiseC	Provide the crew with a tricoder to help in their exploration of the wreckage.	Scan for valuables	/Game/Textures/FlowQuest/QuestImages/GenericQuests/T_UI_QuestImg_CrewEmergency.T_UI_QuestImg_CrewEmergency
591		ZephyrusDebrisGenericEvent_07_ChoiseC_Result	The scouts use the tricoder to probe and detect anything undamaged behind the debris.		/Game/Textures/FlowQuest/QuestImages/GenericQuests/T_UI_QuestImg_CrewEmergency.T_UI_QuestImg_CrewEmergency
592	FoZ_SE_L1_V1_Q2_0A	SecretQuest_T_FoZ_SE_L1_V1_Q2_0A_Intro	A familiar distress signal emanates from the island. It must belong to one of the lifepods from Zephyrus.		/Game/Textures/FlowQuest/QuestImages/GenericQuests/T_UI_QuestImg_ExplorationGeneral.T_UI_QuestImg_ExplorationGeneral
593		SecretQuest_T_FoZ_SE_L1_V1_Q2_0A_Main	The scouts push forward through the island's territory, tracking down the distress signal, their eyes peeled for the lifepod's bright hull. Finally, the signal appears to be just behind the nearest hill's crest, which the scouts climb hastily, out of breath, impatient to find the survivors.      The sight of a large disc-shaped object, whose design is as deliberate as it is alien, catches the searching party off guard. And no lifepod is in view: the signal is coming from the unknown object.		/Game/Textures/FlowQuest/QuestImages/GenericQuests/T_UI_QuestImg_ExplorationGeneral.T_UI_QuestImg_ExplorationGeneral
594		SecretQuest_T_FoZ_SE_L1_V1_Q2_0A_Choice_A	Keep your distance until you can establish a remote contact	Assemble the comm-device	/Game/Textures/FlowQuest/QuestImages/GenericQuests/T_UI_QuestImg_ExplorationGeneral.T_UI_QuestImg_ExplorationGeneral
595		SecretQuest_T_FoZ_SE_L1_V1_Q2_0A_Choice_A_Result	It took a surprising amount of computing resources to decipher the signal. We still aren’t sure whether we understood them or they adapted to our deciphering system.      Anyway, we managed to understand each other. The creature asks for our help in repairing the ship. First of all, they need materials.		/Game/Textures/FlowQuest/QuestImages/GenericQuests/T_UI_QuestImg_ExplorationGeneral.T_UI_QuestImg_ExplorationGeneral
596		SecretQuest_T_FoZ_SE_L1_V1_Q2_0A_Choice_B	Send a team to contact the creature personally	Send the contact group	/Game/Textures/FlowQuest/QuestImages/GenericQuests/T_UI_QuestImg_ExplorationGeneral.T_UI_QuestImg_ExplorationGeneral
597		SecretQuest_T_FoZ_SE_L1_V1_Q2_0A_Choice_B_Result	The creature had a translation device effective enough to provide live communication. They asked for our help in repairing their ship, mostly by providing materials.		/Game/Textures/FlowQuest/QuestImages/GenericQuests/T_UI_QuestImg_ExplorationGeneral.T_UI_QuestImg_ExplorationGeneral
598	FoZ_SE_L1_V1_Q2_1A	SecretQuest_T_FoZ_SE_L1_V1_Q2_1A_Intro	Time to deliver the goods.		/Game/Textures/FlowQuest/QuestImages/GenericQuests/T_UI_QuestImg_ExplorationGeneral.T_UI_QuestImg_ExplorationGeneral
599		SecretQuest_T_FoZ_SE_L1_V1_Q2_1A_Main	The pilot greets us, as Behemoth enters their communication range. They are happy to see us returning.		/Game/Textures/FlowQuest/QuestImages/GenericQuests/T_UI_QuestImg_ExplorationGeneral.T_UI_QuestImg_ExplorationGeneral
600		SecretQuest_T_FoZ_SE_L1_V1_Q2_1A_Choice_A	Deliver the required materials.	Send materials	/Game/Textures/FlowQuest/QuestImages/GenericQuests/T_UI_QuestImg_ExplorationGeneral.T_UI_QuestImg_ExplorationGeneral
601		SecretQuest_T_FoZ_SE_L1_V1_Q2_1A_Choice_A_Result	The pilot is grateful. They gift you a strange device; they said they’ve found it in the nearby ruins. This looks like a Primordial tech.      The pilot asks you for another favor. They need a special material. As they describe it, it looks more like a myth than real stuff. Our extraction technology wouldn’t be able to detect and refine it. Fortunately, our new friend apparently knows where we can find some.		/Game/Textures/FlowQuest/QuestImages/GenericQuests/T_UI_QuestImg_ExplorationGeneral.T_UI_QuestImg_ExplorationGeneral
602		SecretQuest_T_FoZ_SE_L1_V1_Q2_1A_Choice_B	Provide help in repairing.	Send materials and workers	/Game/Textures/FlowQuest/QuestImages/GenericQuests/T_UI_QuestImg_ExplorationGeneral.T_UI_QuestImg_ExplorationGeneral
603		SecretQuest_T_FoZ_SE_L1_V1_Q2_1A_Choice_B_Result	Politely, they decline. You are sure they don’t want us to learn more about them.  To ease the situation, the pilot asks you for another favor. They need a special material. As they describe it, it looks more like a myth than real stuff. Our extraction technology wouldn’t be able to detect and refine it. Fortunately, our new friend apparently knows where we can find some.		/Game/Textures/FlowQuest/QuestImages/GenericQuests/T_UI_QuestImg_ExplorationGeneral.T_UI_QuestImg_ExplorationGeneral
604		SecretQuest_T_FoZ_SE_L1_V1_Q2_1A_Choice_C	Provide materials and scan the repair process	Learn how the pilot repairs the ship	/Game/Textures/FlowQuest/QuestImages/GenericQuests/T_UI_QuestImg_ExplorationGeneral.T_UI_QuestImg_ExplorationGeneral
605		SecretQuest_T_FoZ_SE_L1_V1_Q2_1A_Choice_C_Result	The gathered data unveils at least some of the tech the pilot uses. No doubt it is at least on the level with our, if not higher. We also detected intense data transfer, both short and long range. Let’s see if we can decipher something from it. The pilot asks you for another favor. They need a special material. As they describe it, it looks more like a myth than real stuff. Our extraction technology wouldn’t be able to detect and refine it. Fortunately, our new friend apparently knows where we can find some.		/Game/Textures/FlowQuest/QuestImages/GenericQuests/T_UI_QuestImg_ExplorationGeneral.T_UI_QuestImg_ExplorationGeneral
606	FoZ_SE_L1_V1_Q2_2A	SecretQuest_T_FoZ_SE_L1_V1_Q2_2A_Intro	Coordinates show the Eldritium should be somewhere in these caves		/Game/Textures/FlowQuest/QuestImages/GenericQuests/T_UI_QuestImg_ExplorationGeneral.T_UI_QuestImg_ExplorationGeneral
607		SecretQuest_T_FoZ_SE_L1_V1_Q2_2A_Main	We are picking lifesigns in there. Better be careful.		/Game/Textures/FlowQuest/QuestImages/GenericQuests/T_UI_QuestImg_ExplorationGeneral.T_UI_QuestImg_ExplorationGeneral
608		SecretQuest_T_FoZ_SE_L1_V1_Q2_2A_Choice_A	Warned means armed. But it doesn’t hurt to be actually armed.	Arm the explorers	/Game/Textures/FlowQuest/QuestImages/GenericQuests/T_UI_QuestImg_ExplorationGeneral.T_UI_QuestImg_ExplorationGeneral
609		SecretQuest_T_FoZ_SE_L1_V1_Q2_2A_Choice_A_Result	The precautions weren’t in vain. The team encounters some underground predators but manages to scare them off with flares and tasers. The caves appear to be ancient ruins, abandoned centuries if not millenia ago. Eldritium here wasn’t a natural deposit but a stockpile of some long-gone facility. You pick up all you can find.		/Game/Textures/FlowQuest/QuestImages/GenericQuests/T_UI_QuestImg_ExplorationGeneral.T_UI_QuestImg_ExplorationGeneral
610		SecretQuest_T_FoZ_SE_L1_V1_Q2_2A_Choice_B	No risks taken. Send expendable machines to do the job.	Use Drones	/Game/Textures/FlowQuest/QuestImages/GenericQuests/T_UI_QuestImg_ExplorationGeneral.T_UI_QuestImg_ExplorationGeneral
611		SecretQuest_T_FoZ_SE_L1_V1_Q2_2A_Choice_B_Result	The drones faced some aggressive underground creatures, clearly unhappy with the intrusion. We lost several drones before the rest managed to reach the deposits. Actually, the feedback we received shows that caves are some abandoned underground facility, and Eldritium here was stockpiled by the local dwellers. Drones grabbed what they could and retreated.		/Game/Textures/FlowQuest/QuestImages/GenericQuests/T_UI_QuestImg_ExplorationGeneral.T_UI_QuestImg_ExplorationGeneral
612	FoZ_SE_L1_V1_Q2_2B	SecretQuest_T_FoZ_SE_L1_V1_Q2_2B_Intro	R&D is ready to start deciphering the intercepted transmissions		/Game/Textures/FlowQuest/QuestImages/GenericQuests/T_UI_QuestImg_ExplorationGeneral.T_UI_QuestImg_ExplorationGeneral
613		SecretQuest_T_FoZ_SE_L1_V1_Q2_2B_Main	There’s a high risk of data corruption during the process. We should determine the priorities		/Game/Textures/FlowQuest/QuestImages/GenericQuests/T_UI_QuestImg_ExplorationGeneral.T_UI_QuestImg_ExplorationGeneral
614		SecretQuest_T_FoZ_SE_L1_V1_Q2_2B_Choice_A	Let's try to determine who the pilot contacted and why.	Decipher long-range transmissions	/Game/Textures/FlowQuest/QuestImages/GenericQuests/T_UI_QuestImg_ExplorationGeneral.T_UI_QuestImg_ExplorationGeneral
615		SecretQuest_T_FoZ_SE_L1_V1_Q2_2B_Choice_A_Result	We couldn’t detect the receiver of the transmission, neither to fully decipher the messages. Still, we managed to determine that large data packages were containing the data on Behemoth. The Pilot gathered it and sent it to someone on the planet.		/Game/Textures/FlowQuest/QuestImages/GenericQuests/T_UI_QuestImg_ExplorationGeneral.T_UI_QuestImg_ExplorationGeneral
616		SecretQuest_T_FoZ_SE_L1_V1_Q2_2B_Choice_B	What data did the pilot gather during the repairs?	Decipher short-range transmissions	/Game/Textures/FlowQuest/QuestImages/GenericQuests/T_UI_QuestImg_ExplorationGeneral.T_UI_QuestImg_ExplorationGeneral
617		SecretQuest_T_FoZ_SE_L1_V1_Q2_2B_Choice_B_Result	As far as the R&D can tell, the pilot scanned the Behemoth and surveyed our activities. Same as we. Was it just a curiosity, or an intentional reconnaissance? Either way, this will give us a better understanding of their communications.		/Game/Textures/FlowQuest/QuestImages/GenericQuests/T_UI_QuestImg_ExplorationGeneral.T_UI_QuestImg_ExplorationGeneral
618	FoZ_SE_L1_V1_Q2_3A	SecretQuest_T_FoZ_SE_L1_V1_Q2_3A_Intro	The ship is repaired, and our new friend is preparing to depart		/Game/Textures/FlowQuest/QuestImages/GenericQuests/T_UI_QuestImg_ExplorationGeneral.T_UI_QuestImg_ExplorationGeneral
619		SecretQuest_T_FoZ_SE_L1_V1_Q2_3A_Main	The alien is very secretive, and the farewell conversation may be very brief.		/Game/Textures/FlowQuest/QuestImages/GenericQuests/T_UI_QuestImg_ExplorationGeneral.T_UI_QuestImg_ExplorationGeneral
620		SecretQuest_T_FoZ_SE_L1_V1_Q2_3A_Choice_A	Try to keep it short, but use all the capacities available to make the conversation deep and informative	Use AI for deeper conversation.	/Game/Textures/FlowQuest/QuestImages/GenericQuests/T_UI_QuestImg_ExplorationGeneral.T_UI_QuestImg_ExplorationGeneral
621		SecretQuest_T_FoZ_SE_L1_V1_Q2_3A_Choice_A_Result	The pilot isn’t very talkative, but through the analysis we can presume that they aren’t the only one here on Keeling, and it seems there’s a permanent base of their kind somewhere. Also, the AI predicts there aren’t many of them on the planet. Their self-name is something that can be roughly translated as Luminids or Light-bringers. Sounds ominous.      As the ship leaves you scan the island gathering all that was left by the Luminid. Not much, but maybe it will help in other variations.		/Game/Textures/FlowQuest/QuestImages/GenericQuests/T_UI_QuestImg_ExplorationGeneral.T_UI_QuestImg_ExplorationGeneral
622		SecretQuest_T_FoZ_SE_L1_V1_Q2_3A_Choice_B	Try to make them stay as long as possible to gather all the available data	Perform an in-depth scanning of the alien and their ship.	/Game/Textures/FlowQuest/QuestImages/GenericQuests/T_UI_QuestImg_ExplorationGeneral.T_UI_QuestImg_ExplorationGeneral
623		SecretQuest_T_FoZ_SE_L1_V1_Q2_3A_Choice_B_Result	The alien we faced is, in fact, not as alien as we thought. The gathered data shows many matches with the early Earth history in the fields of alien visits to the planet. These creatures are capable of intergalactic travel and presumably have watched over us for centuries. How did they get on Keeling, and what are they searching for?      As the ship leaves you scan the island gathering all that was left by the Luminid. Not much, but maybe it will help in other variations.		/Game/Textures/FlowQuest/QuestImages/GenericQuests/T_UI_QuestImg_ExplorationGeneral.T_UI_QuestImg_ExplorationGeneral
624		SecretQuest_T_FoZ_SE_L1_V1_Q2_3A_Choice_C	Try to keep it short, but use all means to make the conversation deep and informative	Use AI for deeper conversation.	/Game/Textures/FlowQuest/QuestImages/GenericQuests/T_UI_QuestImg_ExplorationGeneral.T_UI_QuestImg_ExplorationGeneral
625		SecretQuest_T_FoZ_SE_L1_V1_Q2_3A_Choice_C_Result	The previously gathered data provided the AI with larger learning base, so we obtained more then the pilot intended to give us. They call themselves Luminids (or at least this is the closest word the AI could find to match the original meaning). They have a small outpost here, so the pilot isn’t the only Luminid here. They are interested in us, but also afraid (for some reason). And, most importantly, they came to Keeling for a reason. Perhaps the same reason we did.		/Game/Textures/FlowQuest/QuestImages/GenericQuests/T_UI_QuestImg_ExplorationGeneral.T_UI_QuestImg_ExplorationGeneral
626	SpeciesIntro_Nasobi_AIQ1-0A	AIQ1-0A_Intro	The settlement spotted by Mnemosyne looks like an ordinary fishing village, but its hustle and bustle (not yet interrupted by your arrival) can easily compete with larger townlets or even cities.		/Game/Textures/FlowQuest/QuestImages/GenericQuests/T_UI_QuestImg_ExplorationGeneral.T_UI_QuestImg_ExplorationGeneral
627		AIQ1-0A_Main	This is no mere fishing village, but a trading post with a few dozen workers, their supervisors, inns, warehouses, and a pier for ships to load and unload. A three-person envoy greets your scouts with utmost courtesy, while the rest stops to gawk at your people and, even more impressive, your ship. The entire communication is conducted through gestures, as the translation devices are still processing the language, and soon it becomes clear that you are invited to barter your goods.		/Game/Textures/FlowQuest/QuestImages/GenericQuests/T_UI_QuestImg_ExplorationGeneral.T_UI_QuestImg_ExplorationGeneral
628		AIQ1-0A_Choice_A	The local traders are clearly interested in our technologies and willing to buy even the simplest samples.	SELL TOOLS	
629		AIQ1-0A_Choice_A_Result	Nasobi is the name of the people on the island. While it is too soon for the translators to understand the intricacies of their culture and politics, it is clear that this outpost is a part of something bigger. Their ledgers are filled with long lists of goods flowing in and out. A maritime republic? A trading company?      More answers will surely be found, as long as the trade continues, for that seems to be the main interest of Nasobi.		/Game/Textures/FlowQuest/QuestImages/GenericQuests/T_UI_QuestImg_ExplorationGeneral.T_UI_QuestImg_ExplorationGeneral
630		AIQ1-0A_Choice_B	The warehouses are currently filled with rare metals. In exchange, the densely furred merchants want food supplies.	BUY RARE METALS	
631		AIQ1-0A_Choice_B_Result	Nasobi is the name of the people on the island. While it is too soon for the translators to understand the intricacies of their culture and politics, it is clear that this outpost is a part of something bigger. Their ledgers are filled with long lists of goods flowing in and out. A maritime republic? A trading company?      More answers will surely be found, as long as the trade continues, for that seems to be the main interest of Nasobi.		/Game/Textures/FlowQuest/QuestImages/GenericQuests/T_UI_QuestImg_ExplorationGeneral.T_UI_QuestImg_ExplorationGeneral
632		AIQ1-0A_Choice_С	The envoy representatives are also willing to part with some of their workers in exchange for certain resources.	HIRE CREW	
633		AIQ1-0A_Choice_С_Result	By working together, we can learn more about Nasobi (that is the name of these people, according to the now-working, though on a limited capacity, translators).  Also, extra pairs of hands (and they have two of those) will definitely benefit the mission.		/Game/Textures/FlowQuest/QuestImages/GenericQuests/T_UI_QuestImg_ExplorationGeneral.T_UI_QuestImg_ExplorationGeneral
634	SpeciesIntro_Aetherids_AIQ2-0A	AIQ2-0A_Intro	An ancient city sprawls on the island, majestic and sad, its former glory reflected in ruined buildings and echoed in neglected streets.		/Game/Textures/FlowQuest/QuestImages/GenericQuests/T_UI_QuestImg_ExplorationGeneral.T_UI_QuestImg_ExplorationGeneral
635		AIQ2-0A_Main	The city is decadent and oppressively hollow. This is what the death of a city looks like: dry canals, empty squares with roaming, wind-carried litter, and buildings that shelter mildew and decay.  But despite the appearance of absolute abandonment, the city is not as empty as one might think. Semi-transparent amphibians, frightful but curious, appear from one of the structures. They use electromagnetic waves to communicate, and your people wait for the translating devices to pick up the pattern.		/Game/Textures/FlowQuest/QuestImages/GenericQuests/T_UI_QuestImg_ExplorationGeneral.T_UI_QuestImg_ExplorationGeneral
636		AIQ2-0A_Choice_A	We can help them with repairs. Almost everything here is withered and ruined. Any renovation will help.	HELP RENOVATE	
637		AIQ2-0A_Choice_A_Result	The name of these people translates as Aetherids, and they prove to be open-minded and friendly. There are few of them currently in the city, as most have left to grow old, or for other reasons (the translators are fuzzy on the details).  The remaining Aetherids claim they refuse to age, whatever it means, and have decided to stay. Their petulant words are supported by their actions: playful and impulsive, they can barely sit still.		/Game/Textures/FlowQuest/QuestImages/GenericQuests/T_UI_QuestImg_ExplorationGeneral.T_UI_QuestImg_ExplorationGeneral
638		AIQ2-0A_Choice_B	We may use their hospitality to learn more about this civilization. The scale of the city is amazing, so we definitely should learn more about its builders and the reason for their demise.	INTERVIEW	
639		AIQ2-0A_Choice_B_Result	The name of these people translates as Aetherids, and they prove to be open-minded and friendly. There are few of them currently in the city, as most have left to grow old, or for other reasons (the translators are fuzzy on the details).  The remaining Aetherids claim they refuse to age, whatever it means, and have decided to stay. Their petulant words are supported by their actions: playful and impulsive, they can barely sit still.		/Game/Textures/FlowQuest/QuestImages/GenericQuests/T_UI_QuestImg_ExplorationGeneral.T_UI_QuestImg_ExplorationGeneral
640		AIQ2-0A_Choice_С	There are so few of them here, isolated and alone. Maybe we should ask them to join us? Their prowess with electric currents and electromagnetic waves can prove useful on our journey.	RECRUIT	
641		AIQ2-0A_Choice_С_Result	The name of these people translates as Aetherids, and they prove to be open-minded and friendly. There are few of them currently in the city, as most have left to grow old, or for other reasons (the translators are fuzzy on the details).  The remaining Aetherids, who refused to leave the city to grow old (whatever that means), agree to join you for an adventure. Their petulant words are supported by their actions: playful and impulsive, they can barely sit still.		/Game/Textures/FlowQuest/QuestImages/GenericQuests/T_UI_QuestImg_ExplorationGeneral.T_UI_QuestImg_ExplorationGeneral
642	SpeciesIntro_Crabari_AIQ3-0A	AIQ3-0A_Intro			/Game/Textures/FlowQuest/QuestImages/GenericQuests/T_UI_QuestImg_ExplorationGeneral.T_UI_QuestImg_ExplorationGeneral
643		AIQ3-0A_Main	Out of nowhere, a group of large anthropods covered in spiky armor and armed with crude melee weaponry appears on the deck of your ship. When one of the worker drones comes into their view, they all shout their rebel yells and attack, moving rather swiftly despite their size. However, their fighting zeal helps little when the security guards join the fray: bone axes and greatswords stand no chance against firearms. As a result, a couple of anthropods are felled, many flee and jump out of the ship, and your people capture the rest as prisoners.		/Game/Textures/FlowQuest/QuestImages/GenericQuests/T_UI_QuestImg_ExplorationGeneral.T_UI_QuestImg_ExplorationGeneral
644		AIQ3-0A_Choice_A	We need to know more about the creatures who attacked us, their motives and means. At the very least, to know what to expect.	INTERROGATE	
645		AIQ3-0A_Choice_A_Result	Surprisingly enough, the prisoners are willing to cooperate and even demonstrate loyalty. Apparently, being taken as a prisoner means changing allegiance to the captor, and it's considered normal.  The name 'Crabari' is soon coined by the crew. Their self-names roughly translate as "Those who ride the sea giants." And it is not a metaphor, according to Crabari. They are nomads who travel on the backs of giant sea beasts, the hunter-gatherers of Sea. They have only recently migrated to the local waters, being as much guests here as the Behemoth and its crew.		/Game/Textures/FlowQuest/QuestImages/GenericQuests/T_UI_QuestImg_ExplorationGeneral.T_UI_QuestImg_ExplorationGeneral
646		AIQ3-0A_Choice_B	They are savages, brutal and primitive. We must lock them up until we can kick them off the ship at the nearest island.	INCARCERATE	
647		AIQ3-0A_Choice_B_Result	Surprisingly enough, the prisoners are willing to cooperate and even demonstrate loyalty. Apparently, being taken as a prisoner means changing allegiance to the captor, and it's considered normal.  The name 'Crabari' is soon coined by the crew. Their self-names roughly translate as "Those who ride the sea giants." And it is not a metaphor, according to Crabari. They are nomads who travel on the backs of giant sea beasts, the hunter-gatherers of Sea. They have only recently migrated to the local waters, being as much guests here as the Behemoth and its crew.		/Game/Textures/FlowQuest/QuestImages/GenericQuests/T_UI_QuestImg_ExplorationGeneral.T_UI_QuestImg_ExplorationGeneral
648		AIQ3-0A_Choice_С	Subdue and give them to our R&D. They should study the prisoners and learn enough without inflicting any serious harm.	RESEARCH	
649		AIQ3-0A_Choice_С_Result	Surprisingly enough, the prisoners are willing to cooperate and even demonstrate loyalty. Apparently, being taken as a prisoner means changing allegiance to the captor, and it's considered normal.  The name 'Crabari' is soon coined by the crew. Their self-names roughly translate as "Those who ride the sea giants." And it is not a metaphor, according to Crabari. They are nomads who travel on the backs of giant sea beasts, the hunter-gatherers of Sea. They have only recently migrated to the local waters, being as much guests here as the Behemoth and its crew.		
650	SpeciesIntro_Knidaria_AIQ4-0A	AIQ4-0A_Intro	We've just detected half-sunken ruins of an unknown civilization. Should we send scouts to investigate?		/Game/Textures/FlowQuest/QuestImages/GenericQuests/T_UI_QuestImg_ExplorationGeneral.T_UI_QuestImg_ExplorationGeneral
651		AIQ4-0A_Main	These structures weren't flooded: they were designed to be mostly underwater. There's nobody on the upper levels, and it is hard to tell how long this place has been abandoned (if at all), but there are lots of remnants of the former dwellers.		/Game/Textures/FlowQuest/QuestImages/GenericQuests/T_UI_QuestImg_ExplorationGeneral.T_UI_QuestImg_ExplorationGeneral
652		AIQ4-0A_Choice_A	There are plenty of items lying here and there. Some of them look like practical tools, others — like parts of the complex gadgets. And some bear ritualistic features.	GATHER RELICS	/Game/Textures/FlowQuest/QuestImages/GenericQuests/T_UI_QuestImg_ExplorationGeneral.T_UI_QuestImg_ExplorationGeneral
653		AIQ4-0A_Choice_A_Result	The relics are not from a single culture or a single period of time. Whoever hoarded them here had a lot of time and energy to spend. A couple of relics stand out from the others. These tools weren't made for human hands, for no hands at all. Something utterly alien dwelled here.		
654		AIQ4-0A_Choice_B	The walls are covered with inscriptions, thousands and thousands of words (or whatever those are). We can try to scan and decipher them.	SCAN THE INSCRIPTIONS	/Game/Textures/FlowQuest/QuestImages/GenericQuests/T_UI_QuestImg_ExplorationGeneral.T_UI_QuestImg_ExplorationGeneral
655		AIQ4-0A_Choice_B_Result	The texts here are written in several languages by different species, but they all tell similar stories. Stories about the dwellers of the deep, able to read minds and control your body. The all-knowing and ever-united, they instill fear, can kidnap or even enslave, but never start wars. Through the massive data stored here, we know a lot about the Knidaria even before encountering them.		
656		AIQ4-0A_Choice_С	The dark, algae-covered hallways lead deeper. But the crew, creeped out by the shadows and tomb-like silence, would dive deeper only if armed.	DIVE DEEPER	/Game/Textures/FlowQuest/QuestImages/GenericQuests/T_UI_QuestImg_ExplorationGeneral.T_UI_QuestImg_ExplorationGeneral
657		AIQ4-0A_Choice_С_Result	Our team reached the great hall, with a table in the center and a strange artifact on top of it. They also spotted a shade, hastily leaving the hall — a giant cloaked figure emitting a dim glow. They didn't chase her, but she returned in a few minutes. It was a giant cyber-implanted medusa towering above the humans, speaking directly to their heads. That's how the humans first met Knidaria.		
658	SpeciesIntro_Auri_AIQ5-0A	AIQ5-0A_Intro			
659		AIQ5-0A_Main	A flying creature awkwardly lands on the deck, flops down, bleeding. Dumbfounded and in much pain, it doesn't seem to present any threat to your crew, who start to provide first aid. Then, a whole flock of these creatures appears in the sky and descends to your deck. They make angry whistling sounds too complex to be ignored: it's clearly a language! The translation is not required, though, as it soon becomes clear that they want you to stop helping the wounded creature. Instead, they gesture for you to throw the flyaway aboard.		/Game/Textures/FlowQuest/QuestImages/GenericQuests/T_UI_QuestImg_ExplorationGeneral.T_UI_QuestImg_ExplorationGeneral
660		AIQ5-0A_Choice_A	This is an angry mob, craving to shed blood on your deck — something you simply cannot allow to pass.	REFUSE	
661		AIQ5-0A_Choice_A_Result	The flock is infuriated. They curse in their strange ululation with the desperate intensity of someone in pain. They try to change your mind, and when you don't, they angrily leave. Your translators pick up the last phrase as something like: 'Leave it as your (pet? slave?). May this Auri suffer (flymany?)' Once recovered, the saved Auri shows far less intelligence than their kin in the flock, but they act in a friendly and helpful manner, aiding the crew with some simple tasks.		/Game/Textures/FlowQuest/QuestImages/GenericQuests/T_UI_QuestImg_ExplorationGeneral.T_UI_QuestImg_ExplorationGeneral
662		AIQ5-0A_Choice_B	You don't know what's going on. Perhaps you're aiding a criminal. You should comply and throw the creature overboard.	ACCEPT	
663		AIQ5-0A_Choice_B_Result	The flock watches the execution from a distance. The wounded Auri (for that is how the flock calls themselves) tries to stay afloat, but weakened by the blood loss, soon stops struggling. The flock approaches the deck, leaving the symbolic gift — a jeweled headpiece.		/Game/Textures/FlowQuest/QuestImages/GenericQuests/T_UI_QuestImg_ExplorationGeneral.T_UI_QuestImg_ExplorationGeneral
664		AIQ5-0A_Choice_С	You know too little to act rashly. Let's wait for the translators to pick up their language and try to talk it all out.	NEGOTIATE	
665		AIQ5-0A_Choice_С_Result	The flock is infuriated. They curse in their strange ululation with the desperate intensity of someone in pain. They try to change your mind, and when you don't, they angrily leave. Your translators pick up the last phrase as something like: 'Leave it as your (pet? slave?). May this Auri suffer (flymany?)' Once recovered, the saved Auri shows far less intelligence than their kin in the flock, but they act in a friendly and helpful manner, aiding the crew with some simple tasks.		/Game/Textures/FlowQuest/QuestImages/GenericQuests/T_UI_QuestImg_ExplorationGeneral.T_UI_QuestImg_ExplorationGeneral
666	Generic_T1_AlienResourceStash_1	Generic_T1_AlienResourceStash_1_Intro	The ship's systems have detected a wide variety of valuable resources, all conveniently placed in the same corner of the island. It is highly unlikely for all these elements to have naturally come from the same source. It warrants an investigation.		
667		Generic_T1_AlienResourceStash_1_Main	As the scouts reach the supposed location of the promised resources, they find a large pyramidal mound riddled with holes and buzzing insects. It appears to be a nest, whose residents boast intimidating appendages — long stingers and impressive mandibles. Upon further examination, the scouts establish that the mound is a large pile of crates containing the various resources detected by the ship's systems. The lack of any structures or other traces of social activity around the nest hints at this being an old stash, refashioned by the insects into their home.		
668		Generic_T1_AlienResourceStash_1_Choice_A	Put a smelly bait nearby to lure some of the insects away and leave some of the crates unattended.	Lure the insects away	
669		Generic_T1_AlienResourceStash_1_Choice_A_Result	The scouts hastily grab the resources from the cleared crate and retreat from the irritated insects.		
670		Generic_T1_AlienResourceStash_1_Choice_B	Cover up some of the holes to prevent the insects from attacking you while your scouts gather the scattered resources nearby.	Cover up the nest	
671		Generic_T1_AlienResourceStash_1_Choice_B_Result	The scouts hastily pick up the scattered resources and flee before the angry insects can get to them .		
672		Generic_T1_AlienResourceStash_1_Choice_C	Burn out the insects from one of the crates and collect the resources afterwards.	Clear the nest	
673		Generic_T1_AlienResourceStash_1_Choice_C_Result	The scouts hastily grab the resources from the cleared crate and retreat from the irritated insects.		
674	Generic_T1_AlienResourceStash_2	Generic_T1_AlienResourceStash_2_Intro	A shipwreck has been spotted in the vicinity. The design matches the [Species_Type]'s shipmaking traditions. The vessel has sustained substantial damage and is quickly sinking. No survivors detected.		
675		Generic_T1_AlienResourceStash_2_Main	Flying over to the shipwreck, your scouts find neither survivors nor their bodies. Not a trace, not a speck of blood. In the split cargo hold lie several human-made crates bearing Zephyrus's markings. This ship must have salvaged part of your mothership's wreckage or stumbled upon a supply beacon.      One of the ship's halves is already slipping beneath the waves. Time is running out. Which crates should your scouts save, and how?		
676		Generic_T1_AlienResourceStash_2_Choice_A	Erect a lattice of steel supports to brace the sinking half against the Behemoth. It should buy your crew enough time to clear out this part of the cargo hold.	Build a salvage platform	
677		Generic_T1_AlienResourceStash_2_Choice_A_Result	The support system allows your crew to safely retrieve a crate from Zephyrus packed with basic scanners and a few barrels of recently caught krill. Perhaps the ruined ship was primarily a fishing vessel.		
678		Generic_T1_AlienResourceStash_2_Choice_B	Fabricate custom reinforcement plates and polymer seals to close the other half's fractures. Once stabilized, your crew can extract the contents of this part of the cargo hold.	Seal hull breaches	
679		Generic_T1_AlienResourceStash_2_Choice_B_Result	The crew patches the wreck, winning a few precious minutes, and retrieves a few crates with goods. Crates from Zephyrus contain battery blocks. Locally manufactured crates have gold bars inside.		
680		Generic_T1_AlienResourceStash_2_Choice_C	There is a large reinforced cube covered in alien writings. Too heavy to be lifted. But it appears to have a locking mechanism that your scouts can try to pick.	Unlock a mysterious cube	
681		Generic_T1_AlienResourceStash_2_Choice_C_Result	The crew is almost out of time and about to go down with the ship when they finally bypass the lock. Inside, they find a strange relic, whose purpose is a mystery for now.		
682	Generic_T1_AlienResourceStash_3	Generic_T1_AlienResourceStash_3_Intro	A thick column of smoke rises from the island. A large fire, perhaps.		
683		Generic_T1_AlienResourceStash_3_Main	A fragment of Zephyrus made its way to this island. It struck a cliffside, causing an avalanche of rocks and burning metal parts to tumble down onto a small valley. In addition to pieces of Zephyrus and rock rubble, your scouts find elements of ruined structures: an outpost or a small settlement, now buried under the fallen debris.      Perhaps something valuable can be retrieved from this mess before the fire finishes its job.		
684		Generic_T1_AlienResourceStash_3_Choice_A	By some luck, one of Zephyrus's fragments contains a mostly intact blueprinting station. Its memory bank is compromised, so it has a limited pool to draft from. To work, it must be fueled first.	Draft blueprint	
685		Generic_T1_AlienResourceStash_3_Choice_A_Result	The fueled device can only access and produce two building schematics. Still, better than nothing.		
686		Generic_T1_AlienResourceStash_3_Choice_B	Another piece of Zephyrus is buried under the rocks. Carefully placed explosion charges should be the most efficient way to access the fragment. However, it could compromise the local ruins and other parts of Zephyrus.	Blast through	
687		Generic_T1_AlienResourceStash_3_Choice_B_Result	To say the scouts were extremely lucky is to belittle just how lucky they were. The recently buried part of Zephyrus had an intact fuel container that could have exploded if the charges had been placed differently.       However, as predicted, the explosions have ruined whatever else was in the vicinity.		
688		Generic_T1_AlienResourceStash_3_Choice_C	Try to learn more about the history behind the local ruins, now about to be erased by the fallen debris and fire.	Excavate the ruins	
689		Generic_T1_AlienResourceStash_3_Choice_C_Result	The scouts are unable to learn anything from the uncovered ruins. Too much damage. It does not appear to have been a settlement, though: too small for that. So, probably, an outpost or a hideout.      While the investigation failed to deal with the curiosity, it was not for nothing. The scouts have retrieved several bars of Eldritium.		
690	Generic_T1_AlienReplicator_1	Generic_T1_AlienReplicator_1_Intro	There is an area on this island that defies scanning by your ship's systems. A veritable blind spot. Whatever causes it warrants an investigation.		
691		Generic_T1_AlienReplicator_1_Main	Radial support trusses and heavy conduits hold a strange Primordial cube suspended within a colossal ring-shaped structure towering in the middle of nowhere. An alarm bellows in the air.      Clusters of computers and chambers surround the ring, shooting conduits into its reinforced outer layer. When the scouts try to reach the ring, an invisible boundary overwhelms them with dizziness, nausea, and unsettling auditory hallucinations. They notice a red line on the platform, crossing which leads to a brain meltdown. While they cannot reach the ring, they notice several containers housed on separate monorails connected to the cube.      Three of the containers have glowing monitors on.		
692		Generic_T1_AlienReplicator_1_Choice_A	The scouts claim that this container 'requires' cultured meat, offering biochemical compounds in return. They cannot explain much else except that it is urgent.	Unload cultured meat	
693		Generic_T1_AlienReplicator_1_Choice_A_Result	Upon returning, the scouts display the same concussion-like symptoms: dizziness, nausea, headaches, and severe disorientation. They can vaguely describe the structure they saw, the Primordial cube, and the sound of an alarm, but when pressed for details, they fail to provide anything substantial. They cannot explain why they believed the cube was Primordial or what technology was employed in that ring-shaped installation. The one thing they do all agree on is that the whole structure inexplicably vanished in the end. They could not verify the exact time of the disappearance, but it must have happened during the takeoff.      The scouts recall an overwhelming, irresistible sense of urgency while handling automated cargo containers. They could not agree on whether the interface on the containers was in any known language, but they could understand it. There was a request and a reward. And so it happened: once loaded, the chosen container moved into the suspended cube and returned with different cargo.		
694		Generic_T1_AlienReplicator_1_Choice_B	The scouts claim that this container 'demands' grain, offering chemical fuel in return. They cannot explain much else except that it is urgent.	Unload grain	
695		Generic_T1_AlienReplicator_1_Choice_B_Result	Upon returning, the scouts display the same concussion-like symptoms: dizziness, nausea, headaches, and severe disorientation. They can vaguely describe the structure they saw, the Primordial cube, and the sound of an alarm, but when pressed for details, they fail to provide anything substantial. They cannot explain why they believed the cube was Primordial or what technology was employed in that ring-shaped installation. The one thing they do all agree on is that the whole structure inexplicably vanished in the end. They could not verify the exact time of the disappearance, but it must have happened during the takeoff.      The scouts recall an overwhelming, irresistible sense of urgency while handling automated cargo containers. They could not agree on whether the interface on the containers was in any known language, but they could understand it. There was a request and a reward. And so it happened: once loaded, the chosen container moved into the suspended cube and returned with different cargo.		
696		Generic_T1_AlienReplicator_1_Choice_C	The scouts report that this container expects a timely delivery of protein mass, offering composite enzymes in return. They claim it is an urgent matter.	Unload protein mass	
697		Generic_T1_AlienReplicator_1_Choice_C_Result	Upon returning, the scouts display the same concussion-like symptoms: dizziness, nausea, headaches, and severe disorientation. They can vaguely describe the structure they saw, the Primordial cube, and the sound of an alarm, but when pressed for details, they fail to provide anything substantial. They cannot explain why they believed the cube was Primordial or what technology was employed in that ring-shaped installation. The one thing they do all agree on is that the whole structure inexplicably vanished in the end. They could not verify the exact time of the disappearance, but it must have happened during the takeoff.      The scouts recall an overwhelming, irresistible sense of urgency while handling automated cargo containers. They could not agree on whether the interface on the containers was in any known language, but they could understand it. There was a request and a reward. And so it happened: once loaded, the chosen container moved into the suspended cube and returned with different cargo.		
698	Generic_T1_AlienReplicator_2	Generic_T1_AlienReplicator_2_Intro	There is an area on this island that defies scanning by your ship's systems. A veritable blind spot. Whatever causes it warrants an investigation.		
699		Generic_T1_AlienReplicator_2_Main	Radial support trusses and heavy conduits hold a strange Primordial cube suspended within a colossal ring-shaped structure towering in the middle of nowhere. An alarm bellows in the air.      Clusters of computers and chambers surround the ring, shooting conduits into its reinforced outer layer. When the scouts try to reach the ring, an invisible boundary overwhelms them with dizziness, nausea, and unsettling auditory hallucinations. They notice a red line on the platform, crossing which leads to a brain meltdown. While they cannot reach the ring, they notice several containers housed on separate monorails connected to the cube.      Three of the containers have glowing monitors on.		
700		Generic_T1_AlienReplicator_2_Choice_A	The container seemingly asks for metal, offering blueprints in exchange. The scouts are unable to elaborate, claiming only that acting quickly feels imperative.	Unload metals	
701		Generic_T1_AlienReplicator_2_Choice_A_Result	Upon returning, the scouts display the same concussion-like symptoms: dizziness, nausea, headaches, and severe disorientation. They can vaguely describe the structure they saw, the Primordial cube, and the sound of an alarm, but when pressed for details, they fail to provide anything substantial. They cannot explain why they believed the cube was Primordial or what technology was employed in that ring-shaped installation. The one thing they do all agree on is that the whole structure inexplicably vanished in the end. They could not verify the exact time of the disappearance, but it must have happened during the takeoff.      The scouts recall an overwhelming, irresistible sense of urgency while handling automated cargo containers. They could not agree on whether the interface on the containers was in any known language, but they could understand it. There was a request and a reward. And so it happened: once loaded, the chosen container moved into the suspended cube and returned with different cargo.		
702		Generic_T1_AlienReplicator_2_Choice_B	The container seemingly demands electronic components, offering fuel cells in exchange. The scouts cannot explain how they know this — only that they are compelled to act without delay.	Unload electronics	
703		Generic_T1_AlienReplicator_2_Choice_B_Result	Upon returning, the scouts display the same concussion-like symptoms: dizziness, nausea, headaches, and severe disorientation. They can vaguely describe the structure they saw, the Primordial cube, and the sound of an alarm, but when pressed for details, they fail to provide anything substantial. They cannot explain why they believed the cube was Primordial or what technology was employed in that ring-shaped installation. The one thing they do all agree on is that the whole structure inexplicably vanished in the end. They could not verify the exact time of the disappearance, but it must have happened during the takeoff.      The scouts recall an overwhelming, irresistible sense of urgency while handling automated cargo containers. They could not agree on whether the interface on the containers was in any known language, but they could understand it. There was a request and a reward. And so it happened: once loaded, the chosen container moved into the suspended cube and returned with different cargo.		
704		Generic_T1_AlienReplicator_2_Choice_C	The container requests either nanomaterials or basic toolkits, offering extractors in return. The scouts are unable to clarify anything else, except that it is quite urgent.	Unload fine materials	
705		Generic_T1_AlienReplicator_2_Choice_C_Result	Upon returning, the scouts display the same concussion-like symptoms: dizziness, nausea, headaches, and severe disorientation. They can vaguely describe the structure they saw, the Primordial cube, and the sound of an alarm, but when pressed for details, they fail to provide anything substantial. They cannot explain why they believed the cube was Primordial or what technology was employed in that ring-shaped installation. The one thing they do all agree on is that the whole structure inexplicably vanished in the end. They could not verify the exact time of the disappearance, but it must have happened during the takeoff.      The scouts recall an overwhelming, irresistible sense of urgency while handling automated cargo containers. They could not agree on whether the interface on the containers was in any known language, but they could understand it. There was a request and a reward. And so it happened: once loaded, the chosen container moved into the suspended cube and returned with different cargo.		
706	Generic_T1_AlienReplicator_3	Generic_T1_AlienReplicator_3_Intro	There is an area on this island that defies scanning by your ship's systems. A veritable blind spot. Whatever causes it warrants an investigation.		
707		Generic_T1_AlienReplicator_3_Main	Radial support trusses and heavy conduits hold a strange Primordial cube suspended within a colossal ring-shaped structure towering in the middle of nowhere. An alarm bellows in the air.      Clusters of computers and chambers surround the ring, shooting conduits into its reinforced outer layer. When the scouts try to reach the ring, an invisible boundary overwhelms them with dizziness, nausea, and unsettling auditory hallucinations. They notice a red line on the platform, crossing which leads to a brain meltdown. While they cannot reach the ring, they notice several containers housed on separate monorails connected to the cube.      Three of the containers have glowing monitors on.		
708		Generic_T1_AlienReplicator_3_Choice_A	According to the scouts, the container requests grain in exchange for biopolymers. They cannot explain why, only that they felt an overwhelming sense of urgency.	Unload grain	
709		Generic_T1_AlienReplicator_3_Choice_A_Result	Upon returning, the scouts display the same concussion-like symptoms: dizziness, nausea, headaches, and severe disorientation. They can vaguely describe the structure they saw, the Primordial cube, and the sound of an alarm, but when pressed for details, they fail to provide anything substantial. They cannot explain why they believed the cube was Primordial or what technology was employed in that ring-shaped installation. The one thing they do all agree on is that the whole structure inexplicably vanished in the end. They could not verify the exact time of the disappearance, but it must have happened during the takeoff.      The scouts recall an overwhelming, irresistible sense of urgency while handling automated cargo containers. They could not agree on whether the interface on the containers was in any known language, but they could understand it. There was a request and a reward. And so it happened: once loaded, the chosen container moved into the suspended cube and returned with different cargo.		
710		Generic_T1_AlienReplicator_3_Choice_B	According to the scouts, the container requests omni fruit in exchange for thermoplastics. They cannot stress enough how urgent this is.	Unload omni fruit	
711		Generic_T1_AlienReplicator_3_Choice_B_Result	Upon returning, the scouts display the same concussion-like symptoms: dizziness, nausea, headaches, and severe disorientation. They can vaguely describe the structure they saw, the Primordial cube, and the sound of an alarm, but when pressed for details, they fail to provide anything substantial. They cannot explain why they believed the cube was Primordial or what technology was employed in that ring-shaped installation. The one thing they do all agree on is that the whole structure inexplicably vanished in the end. They could not verify the exact time of the disappearance, but it must have happened during the takeoff.      The scouts recall an overwhelming, irresistible sense of urgency while handling automated cargo containers. They could not agree on whether the interface on the containers was in any known language, but they could understand it. There was a request and a reward. And so it happened: once loaded, the chosen container moved into the suspended cube and returned with different cargo.		
712		Generic_T1_AlienReplicator_3_Choice_C	According to the scouts, the container requests protein mass in exchange for mycobricks. They ask you to choose faster as the time is running out.	Unload protein mass	
713		Generic_T1_AlienReplicator_3_Choice_C_Result	Upon returning, the scouts display the same concussion-like symptoms: dizziness, nausea, headaches, and severe disorientation. They can vaguely describe the structure they saw, the Primordial cube, and the sound of an alarm, but when pressed for details, they fail to provide anything substantial. They cannot explain why they believed the cube was Primordial or what technology was employed in that ring-shaped installation. The one thing they do all agree on is that the whole structure inexplicably vanished in the end. They could not verify the exact time of the disappearance, but it must have happened during the takeoff.      The scouts recall an overwhelming, irresistible sense of urgency while handling automated cargo containers. They could not agree on whether the interface on the containers was in any known language, but they could understand it. There was a request and a reward. And so it happened: once loaded, the chosen container moved into the suspended cube and returned with different cargo.		
714	Generic_T1_AlienReplicator_4	Generic_T1_AlienReplicator_4_Intro	There is an area on this island that defies scanning by your ship's systems. A veritable blind spot. Whatever causes it warrants an investigation.		
715		Generic_T1_AlienReplicator_4_Main	Radial support trusses and heavy conduits hold a strange Primordial cube suspended within a colossal ring-shaped structure towering in the middle of nowhere. An alarm bellows in the air.      Clusters of computers and chambers surround the ring, shooting conduits into its reinforced outer layer. When the scouts try to reach the ring, an invisible boundary overwhelms them with dizziness, nausea, and unsettling auditory hallucinations. They notice a red line on the platform, crossing which leads to a brain meltdown. While they cannot reach the ring, they notice several containers housed on separate monorails connected to the cube.      Three of the containers have glowing monitors on.		
716		Generic_T1_AlienReplicator_4_Choice_A	The scouts report that the container requires mycobricks and promises nutrient paste in return. They say we need to hurry.	Unload mycobricks	
717		Generic_T1_AlienReplicator_4_Choice_A_Result	Upon returning, the scouts display the same concussion-like symptoms: dizziness, nausea, headaches, and severe disorientation. They can vaguely describe the structure they saw, the Primordial cube, and the sound of an alarm, but when pressed for details, they fail to provide anything substantial. They cannot explain why they believed the cube was Primordial or what technology was employed in that ring-shaped installation. The one thing they do all agree on is that the whole structure inexplicably vanished in the end. They could not verify the exact time of the disappearance, but it must have happened during the takeoff.      The scouts recall an overwhelming, irresistible sense of urgency while handling automated cargo containers. They could not agree on whether the interface on the containers was in any known language, but they could understand it. There was a request and a reward. And so it happened: once loaded, the chosen container moved into the suspended cube and returned with different cargo.		
718		Generic_T1_AlienReplicator_4_Choice_B	The scouts insist the container exchanges food for med gel. They also insist there is an extreme urgency to the matter.	Unload food	
719		Generic_T1_AlienReplicator_4_Choice_B_Result	Upon returning, the scouts display the same concussion-like symptoms: dizziness, nausea, headaches, and severe disorientation. They can vaguely describe the structure they saw, the Primordial cube, and the sound of an alarm, but when pressed for details, they fail to provide anything substantial. They cannot explain why they believed the cube was Primordial or what technology was employed in that ring-shaped installation. The one thing they do all agree on is that the whole structure inexplicably vanished in the end. They could not verify the exact time of the disappearance, but it must have happened during the takeoff.      The scouts recall an overwhelming, irresistible sense of urgency while handling automated cargo containers. They could not agree on whether the interface on the containers was in any known language, but they could understand it. There was a request and a reward. And so it happened: once loaded, the chosen container moved into the suspended cube and returned with different cargo.		
720		Generic_T1_AlienReplicator_4_Choice_C	The scouts report that the container displays a request for omni fruit and a reward of a medkit. It is a time-sensitive opportunity, they claim.	Unload omni fruit	
721		Generic_T1_AlienReplicator_4_Choice_C_Result	Upon returning, the scouts display the same concussion-like symptoms: dizziness, nausea, headaches, and severe disorientation. They can vaguely describe the structure they saw, the Primordial cube, and the sound of an alarm, but when pressed for details, they fail to provide anything substantial. They cannot explain why they believed the cube was Primordial or what technology was employed in that ring-shaped installation. The one thing they do all agree on is that the whole structure inexplicably vanished in the end. They could not verify the exact time of the disappearance, but it must have happened during the takeoff.      The scouts recall an overwhelming, irresistible sense of urgency while handling automated cargo containers. They could not agree on whether the interface on the containers was in any known language, but they could understand it. There was a request and a reward. And so it happened: once loaded, the chosen container moved into the suspended cube and returned with different cargo.		
